Timet,Wt,M_Vt,m_ENt,m_ECt,rt,j_NAt,j_Ct,j_It,j_CAt,j_EN_Ct,j_EC_Ct,j_EN_Mmt,j_EC_Mmt,j_EN_Gt,j_EC_Gt,j_Gt,j_VMt,j_EN_Rt,j_EC_Rt,Nt,Ct,It,j_Ot,L_allomt
1,5,0.165027394547495,0.002,0.01,0.00029979013540842,8.32629206899238e-05,0.00646274345641411,0.0305870789967508,0.00134919294629041,3.39227573701283e-05,0.000342225476887442,3.452233800736e-06,8.63058450184e-07,3.04705235693923e-05,0.000341362418437258,0.000299790133388506,0,1.84789185194704e-05,4.15722848609123e-05,4.50597436726805e-06,0.000253567207120254,5.56893683415265,0.00403816476292175,131.202927586179
2,5.0072389384389,0.165076868132452,0.0020653716097165,0.0110413846244237,0.000325872410006823,9.2731074448424e-05,0.00646426755363408,0.0299533012577553,0.00133521789214663,3.49339437281342e-05,0.000377108697468112,3.44799854167672e-06,8.61999635419181e-07,3.14859451864575e-05,0.000376246697832693,0.000325872409182026,0,1.84510489256474e-05,5.03742885714317e-05,6.33948165860405e-06,0.00354346233420231,4.08249841304844,0.00395567772948648,131.332206081819
3,5.01448128095022,0.165130662129307,0.00213910163684586,0.0120412325961991,0.000351285566308107,8.43133222350112e-05,0.006466085406197,0.0285814658889136,0.00130478600655785,3.61379909231582e-05,0.000411079167637217,3.44905786339351e-06,8.62264465848377e-07,3.26889330597647e-05,0.000410216903171369,0.000351285565355125,0,1.86375105601978e-05,5.89313377231493e-05,4.68133252251098e-06,0.00287993506748144,2.46221196910023,0.00377028254084791,131.461485671955
4,5.0214862356489,0.165188670147468,0.002203299292132,0.012983747727859,0.000377165446115672,0,0.00651190366586111,0.023294961956653,0.00117716624033871,3.74328890006314e-05,0.000446071028002454,3.47332726656833e-06,8.68331816642083e-07,3.39595617340631e-05,0.000445202696185812,0.000377165444953001,0,1.88729440672254e-05,6.80372511178279e-05,0,0.00445289613267881,0.818497345813149,0.00306956079495121,131.58647106458
5,5.02709400492123,0.165250973605937,0.00218202104443143,0.0137711794451973,0.000395852299156398,4.15838794494761e-05,0.00656335957435603,0,0,3.73501426603058e-05,0.000476900076131383,3.50261523881574e-06,8.75653809703934e-07,3.384752742149e-05,0.000476024422321679,0.000395852298448872,0,1.80134355558932e-05,8.01721238005612e-05,1.15814219791127e-06,0.000649195067560103,0,0,131.68648716406
6,5.02722443624307,0.165316388583777,0.00220160311517365,0.0133609829274409,0.000388675036588828,6.08343329108478e-05,0.00657235453848579,0,0,3.77354847796479e-05,0.000463207665009599,3.50573567953684e-06,8.7643391988421e-07,3.42297491001111e-05,0.000462331231089715,0.000388675036492872,0,1.86827476507845e-05,7.36561945872238e-05,2.15325224999437e-06,0.00292149882064586,0,0,131.68881301837
7,5.02753216187804,0.165380642937159,0.00224066072801922,0.0129588727570316,0.000381881826669372,0.000103556557047554,0,0,0,3.84201536758558e-05,0.000449355067838727,3.50573567953684e-06,8.7643391988421e-07,3.49144179963189e-05,0.000448478633918843,0.000381881826591511,0,1.96391449416957e-05,6.65968073197499e-05,9.27642494766682e-06,0,0,0,131.694300312576
8,5.02822691104306,0.165443798799179,0.00232261669422668,0.0125645060577807,0.000372802517830855,7.52690482926749e-05,0.00650682417199178,0,0,3.94457396571791e-05,0.000431458102292057,3.47122425579265e-06,8.67806063948164e-07,3.59745154013865e-05,0.000430590296228108,0.00037280251770686,0,2.10624147089524e-05,5.77877785097745e-05,3.42743608827759e-06,0.00151206538528949,0,0,131.706688528877
9,5.02867600416639,0.165505476663931,0.00237653029874867,0.0121803728766537,0.000364684807027033,9.24145228985201e-05,0.00648549476599143,0,0,4.02429212733794e-05,0.000416954126156413,3.45963237280599e-06,8.64908093201498e-07,3.67832889005734e-05,0.000416089218063211,0.000364684806938449,0,2.21958966352455e-05,5.14044111169189e-05,6.19040296808942e-06,0.00197137534157162,0,0,131.714696110606
10,5.02928390757816,0.16556583399675,0.00244781152285214,0.0118052407235705,0.000356943482270101,6.23721443533005e-05,0,0,0,4.13394875225921e-05,0.000402955779670864,3.44905786339351e-06,8.62264465848377e-07,3.78904296591986e-05,0.000402093515205016,0.000356943482199086,0,2.36126903818867e-05,4.51500329999842e-05,2.32844740287546e-06,0,0,0,131.725535004971
11,5.02962822352273,0.165624931642082,0.00248922187065763,0.0114387061698667,0.000349134672666791,0.000104372586710477,0.00646648511234379,0,0,4.20582776577356e-05,0.000390533945628771,3.44905786339351e-06,8.62264465848377e-07,3.8609219794342e-05,0.000389671681162923,0.000349134672602503,0,2.46438329005418e-05,4.0537008555279e-05,1.04510192493525e-05,0.00518998788309506,0,0,131.731673959421
12,5.03035276728028,0.165682757048376,0.00257284655565786,0.0110806618830034,0.000342497082234047,0,0.00647139823571209,0,0,4.35291467707658e-05,0.000378735260468987,3.452233800736e-06,8.63058450184e-07,4.00769129700298e-05,0.000377872202018803,0.000342497082193877,0,2.63770296892996e-05,3.53751198219307e-05,0,0.00168072913611872,0,0,131.744591717979
13,5.0301469349988,0.165739502909242,0.00255217554316911,0.01072996913601,0.000332981661361159,0.000103565501150449,0.00647150831621014,0,0,4.32037057085773e-05,0.000366850738302514,3.452233800736e-06,8.63058450184e-07,3.97514719078413e-05,0.00036598767985233,0.000332981661285534,0,2.64322054700687e-05,3.30060185612716e-05,9.99926965972088e-06,0.00181013595164914,0,0,131.740922032169
14,5.03087298980678,0.165794691124274,0.0026354764958816,0.0103892509314633,0.000325999911472217,9.36645126670864e-05,0.00647646016995573,0.0104545064152211,0.000715193461321436,4.46740502897682e-05,0.000355603975441053,3.45540667682202e-06,8.63851669205506e-07,4.12186436129461e-05,0.000354740123771848,0.000325999911437244,0,2.81786471623287e-05,2.87402123322365e-05,6.52019412825404e-06,0.00106724825176109,0.15436140290427,0.00137833083952944,131.753866304189
15,5.03507220545831,0.165848740178903,0.00270896857560066,0.0107713197135588,0.000339839687698199,7.56912870678044e-05,0.00652115229605776,0.0275491297389626,0.00128624201213381,4.61961841051636e-05,0.000371028289283585,3.47857849652338e-06,8.69644624130846e-07,4.27176056086403e-05,0.000370158644659454,0.000339839687551782,0,2.91240181350426e-05,3.03189570977581e-05,3.45588188611874e-06,0.00220610130119207,1.77464784685248,0.00363275993609019,131.828719189997
16,5.04194689640118,0.16590510216297,0.00276375467985013,0.0117101599758695,0.000366778193183849,9.30394829832072e-05,0.00653856559924076,0.0298450896471989,0.00134063496826599,4.7186303246598e-05,0.000404156252439249,3.48800772360372e-06,8.7200193090093e-07,4.36982955229943e-05,0.000403284250508348,0.000366778192486197,0,2.90271679484793e-05,3.65060579720851e-05,6.15979180746966e-06,0.00180513341173771,3.41836247013956,0.00393357032029362,131.951220604159
17,5.04923707210035,0.165965952536582,0.00283471862579249,0.0126751991125532,0.000395007494303845,9.79844479147755e-05,0.00656228827620577,0.030803260008586,0.00136425587661423,4.85249079863811e-05,0.000438956656155737,3.50261523881574e-06,8.75653809703934e-07,4.50222927475654e-05,0.000438081002346033,0.000395007493363872,0,2.92219931698776e-05,4.30735089117263e-05,7.34216172554732e-06,0.000513150170795124,4.97348883755535,0.00405580819758813,132.081067375548
18,5.05667777328572,0.166031510331633,0.00290935822447234,0.013634257692391,0.00042260771752421,8.87078402371141e-05,0,0.0313153729925202,0,4.98884839881889e-05,0.000473351283914608,3.51403969503269e-06,8.78509923758173e-07,4.63744442931562e-05,0.00047247277399085,0.000422607716445012,0,2.94701358046226e-05,4.98650574621826e-05,5.14921199548663e-06,0,6.3340476571283,0.00411891032273022,132.21353348065
19,5.0572260117122,0.166101676529251,0.00297347118570672,0.0132000230176689,0.000413607485040901,0,0.00659398299476561,0.0315680225551303,0.00138384639162632,5.10608291935694e-05,0.000458804610467548,3.51714719181071e-06,8.79286797952678e-07,4.75436820017587e-05,0.000457925323669595,0.000413607484939513,0,3.09993826212839e-05,4.43178387226351e-05,0,0.00394855263374092,7.40731909373427,0.00414778374752026,132.22329125549
20,5.06388190663301,0.166170377425942,0.00294907995093335,0.0141594912253552,0.000435019354821878,1.68784171896927e-05,0.00656096184804402,0.0315336819567966,0.00137953541867026,5.03184915810294e-05,0.000489350514188825,3.49949132847767e-06,8.74872832119417e-07,4.68190002525518e-05,0.000488475641356705,0.000435019354103709,0,2.9418226197467e-05,5.34562871964037e-05,3.68999717185202e-07,0.00449078857143962,8.12016147263347,0.0041445360126323,132.341728709115
21,5.07065958561728,0.16624266475632,0.00294083337326216,0.0150916271355759,0.000457316500523431,5.93788022712927e-05,0.006560686413502,0.0315779114606687,0.00138045277470617,5.0112212645937e-05,0.000521228531963022,3.49949132847767e-06,8.74872832119417e-07,4.66127213174593e-05,0.000520353659130902,0.000457316499581462,0,2.83200614648456e-05,6.30371594712662e-05,2.06600724400194e-06,0.00305209462370218,8.42399576373165,0.00414669713508479,132.462282171451
22,5.07781433218015,0.166318690270004,0.00297424312657899,0.0160006831717344,0.000476766419867072,0,0.00651973750099644,0.0313693862971427,0.00137158510365567,5.02970638510887e-05,0.000548799804128212,3.47752897396408e-06,8.69382243491019e-07,4.68195348771246e-05,0.000547930421884721,0.000476766419025318,0,2.77488782255395e-05,7.11640027874785e-05,0,0.00414395460022902,8.29811616220038,0.00411568961033258,132.589486668301
23,5.08438391648373,0.166397985436521,0.00294750203388362,0.0168798874853394,0.000492310399795856,8.77349996648941e-05,0,0.0310948788706076,0,4.94730050335887e-05,0.000574958614474489,3.45540667682202e-06,8.63851669205506e-07,4.60175983567667e-05,0.000574094762805283,0.000492310399161964,0,2.63251824657831e-05,8.17843635869834e-05,5.24194742002757e-06,0,7.75110115485814,0.00407586797230552,132.706237158717
24,5.08488547494112,0.166479904895256,0.00300800560682943,0.0163702246539367,0.000482486878592041,0,0.00646284826327655,0.0308712995522386,0.00135501376555937,5.04226036823658e-05,0.000556720101877451,3.44905786339351e-06,8.62264465848377e-07,4.69735458189723e-05,0.000555857837411603,0.000482486878363193,0,2.76740707137323e-05,7.33709590287695e-05,0,0.000625149976857493,6.82022891047026,0.00404332253257854,132.715148558395
25,5.0913757259484,0.166560229264918,0.00298103834355339,0.0172266537621494,0.000500364878776056,2.2503718285538e-05,0.00646594829057647,0.030570101527375,0.00134877347637968,4.9917261671789e-05,0.000585537642862002,3.44905786339351e-06,8.62264465848377e-07,4.64682038083954e-05,0.000584675378396154,0.000500364877898336,0,2.64536087957173e-05,8.43105004196683e-05,5.26595166473961e-07,0.00249842649296757,5.60104703513804,0.00400541026471032,132.830438274951
26,5.09802930869226,0.166643570153843,0.00297594144119389,0.0180571494335234,0.000516572308001534,0,0.00644943311326413,0.0299117777106891,0.00133278759110387,4.96574435164183e-05,0.000611941750341276,3.44057392189179e-06,8.60143480472948e-07,4.62168695945265e-05,0.000611081606860803,0.000516572307179862,0,2.55539773975358e-05,9.45092996060261e-05,0,0.00157016950862389,4.11680583893865,0.00391611673988476,132.948580641847
27,5.10439333533244,0.166729653607491,0.0029477452883965,0.0188537258205726,0.000531506798737783,9.48569536056439e-05,0.00644696070400763,0.0285679048124495,0.00130267454626126,4.9142931064917e-05,0.000638655489719052,3.44057392189179e-06,8.60143480472948e-07,4.57023571430252e-05,0.000637795346238579,0.000531506797951053,0,2.44420853050488e-05,0.000106288548214172,6.94117896600921e-06,0.000626618207263343,2.49891447148809,0.0037372220403286,133.061535539312
28,5.11145390186185,0.166818271551934,0.00301389044105004,0.0196033836870524,0.000549954967767388,6.00301742084497e-05,0,0.0234397201148091,0,5.01900600727614e-05,0.000663687927521123,3.44057392189179e-06,8.60143480472948e-07,4.67494861508697e-05,0.00066282778404065,0.000549954966465836,0,2.47512876216292e-05,0.000112872817453509,2.17527907731621e-06,0,0.857629555786214,0.0030641632322082,133.186800701033
29,5.11167090135884,0.166910014089089,0.00304434921002483,0.0190305003169957,0.000547430935870621,8.62375377754501e-05,0.00653846456185823,0,0,5.14269968491878e-05,0.0006533674362785,3.48800772360372e-06,8.7200193090093e-07,4.79389891255841e-05,0.000652495434347599,0.000547430935848467,0,2.6041751693978e-05,0.000105064498497099,4.83798319092693e-06,0.00168743289693279,0,0,133.190649725986
30,5.11212759246603,0.167001385794308,0.00310093075653851,0.0184612730447659,0.000538599055221499,8.62469960074706e-05,0.00654467421683802,0,0,5.24588227037831e-05,0.00063456642668745,3.49114413490889e-06,8.72786033727223e-07,4.89676785688742e-05,0.000633693640653723,0.000538599054975139,0,2.74237163976923e-05,9.50945856565391e-05,4.82679879582373e-06,0.00214397400051955,0,0,133.19875010645
31,5.11259173301035,0.167091332582917,0.00315773011622434,0.0179023485209493,0.000528823475188434,8.54776903864507e-05,0,0,0,5.34505730166799e-05,0.00061552960799196,3.49114413490889e-06,8.72786033727223e-07,4.9959428881771e-05,0.000614656821958233,0.000528823474915494,0,2.88064899181938e-05,8.58333470190253e-05,4.70275564289595e-06,0,0,0,133.206982381686
32,5.11305633429641,0.167179694402087,0.00321401319270672,0.0173546017431156,0.000519253547849719,3.36130821640306e-05,0.00655300619981065,0,0,5.45011474194083e-05,0.000597587559184309,3.49532076221263e-06,8.73830190553158e-07,5.10058266571957e-05,0.000596713728993756,0.000519253547614457,0,3.02356847831154e-05,7.74601813595295e-05,8.62214839792726e-07,0.00363939975993894,0,0,133.215222589957
33,5.11305926872999,0.167266503051534,0.003218668356003,0.0168177169086282,0.000503303531172465,0.000106040854888892,0.00650399060355572,0,0,5.42267002275271e-05,0.000575139322407274,3.47017221443564e-06,8.67543053608911e-07,5.07565280130914e-05,0.000574271779353665,0.000503303530571025,0,3.06243868718407e-05,7.09682487332158e-05,1.10043794065543e-05,0.00100747308269112,0,0,133.215274634563
34,5.11372604000256,0.167350688873167,0.00329642449169977,0.0162979845937744,0.00049155544337789,8.64602842247575e-06,0.00648035861123766,0,0,5.53494811611368e-05,0.000555322544567621,3.45646361755596e-06,8.6411590438899e-07,5.18930175435808e-05,0.000554458428663232,0.00049155544308717,0,3.22307998626525e-05,6.2902985553251e-05,1.78679247303507e-07,0.00507594908279777,0,0,133.227100127192
35,5.11351982073171,0.167432951015236,0.00327710838343492,0.0157912633731616,0.000477150089210123,6.87236814868707e-05,0,0,0,5.48815463056617e-05,0.000536445568711278,3.44481856172736e-06,8.61204640431839e-07,5.14367277439343e-05,0.000535584364070846,0.000477150088807749,0,3.23507242526052e-05,5.84342752321249e-05,2.84184068493463e-06,0,0,0,133.223442786952
36,5.1138647539758,0.167512841662749,0.00331850249788596,0.015299873849432,0.000467233766586807,1.5172054076957e-05,0.00647168582997868,0,0,5.57307159994428e-05,0.000521038798655472,3.452233800736e-06,8.63058450184e-07,5.22784821987068e-05,0.000520175740205288,0.00046723376641661,0,3.35891315694206e-05,5.29419737760953e-05,3.31885781357895e-07,0.00206672928784297,0,0,133.229560220913
37,5.11373059549081,0.167591109318711,0.00330662353795444,0.014819334209488,0.000455333899930893,0,0.00647841621935088,0,0,5.56230274165669e-05,0.000505320518288106,3.45540667682202e-06,8.63851669205506e-07,5.21676207397449e-05,0.000504456666618901,0.000455333899707662,0,3.39542647887254e-05,4.91227668951354e-05,0,0.00549834116265088,0,0,133.22718091916
38,5.11346515111202,0.167667419232111,0.00328005373105659,0.0143514764361656,0.000443381653170189,6.63708966050853e-05,0.00648533973289781,0.0121577299399439,0.000793193621532039,5.52845846730255e-05,0.000490145143222111,3.45963237280599e-06,8.64908093201498e-07,5.18249523002195e-05,0.00048928023512891,0.000443381652964238,0,3.40896862171558e-05,4.58985821501161e-05,2.61858140045887e-06,0.00176355924822845,0.194475325952849,0.00159449557592951,133.222473202357
39,5.11779839388198,0.167741759889633,0.00332036644493832,0.0146894704570629,0.000454309774188569,8.78724009528223e-05,0.00650581811121649,0.0275817975636893,0.00128550894285313,5.61027419270394e-05,0.000503076352074385,3.47017221443564e-06,8.67543053608911e-07,5.26325697126037e-05,0.000502208809020776,0.000454309774007639,0,3.44601787830455e-05,4.78990350002529e-05,5.19843596893133e-06,0.00344774614492955,1.81236669340341,0.00361916557757056,133.299314499085
40,5.12480137096703,0.16781796661069,0.00338164178993903,0.0155083386093356,0.000476063469051195,0,0,0.029707410543401,0,5.7011120141178e-05,0.000530293309963041,3.46701395778568e-06,8.66753489446421e-07,5.35441061833923e-05,0.000529426556473595,0.000476063468224947,0,3.45015675883095e-05,5.33630881881078e-05,0,0,3.45365160910528,0.00389654835690465,133.423454239745
41,5.12452480947519,0.167897858614044,0.00335407220450572,0.0150186891252642,0.000465023842621211,7.16224418015195e-05,0.00652753480319278,0.0306432937108501,0.00135690978605642,5.68300596128498e-05,0.000515925387031539,3.48172487877788e-06,8.70431219694471e-07,5.33483347340719e-05,0.000515054955811844,0.000465023842426275,0,3.47473810696302e-05,5.00311133715645e-05,3.03782314690192e-06,0.00373351597454272,5.00647921840496,0.0040157212133762,133.418552742111
42,5.13174119824052,0.167975935121424,0.00339857750611209,0.0158977174777954,0.000488697177902882,0.000108552856131536,0.00653325659376736,0.0310755787566168,0.00136681591328568,5.75570939118264e-05,0.000546245292601697,3.48486796300804e-06,8.7121699075201e-07,5.40722259488184e-05,0.000545374075610945,0.00048869717686021,0,3.45243390390043e-05,5.66768986730901e-05,1.22632585409214e-05,0.00300090949221425,6.36502688589761,0.00407448463625782,133.546421125135
43,5.13933387743094,0.168058024486874,0.00347898429823078,0.0167615281376186,0.000515309505223021,8.03976617219671e-05,0.00657243883759159,0.031475235636104,0.00137955140596955,5.91892429508682e-05,0.000578977496206736,3.50573567953684e-06,8.7643391988421e-07,5.56835072713314e-05,0.000578101062286852,0.000515309503731765,0,3.50711273484227e-05,6.27915584418195e-05,3.93585831561159e-06,0.0032235158306718,7.43671183314979,0.00412309640484295,133.680895100334
44,5.14672497471368,0.168144626384321,0.00352996397793806,0.0176099770752077,0.000537047963606495,0,0.00656623242781405,0.0315650039535634,0.00138079626714083,5.99247679324242e-05,0.00060735233721514,3.50261523881574e-06,8.75653809703934e-07,5.64221526936085e-05,0.000606476683405436,0.000537047962472569,0,3.49402343589509e-05,6.94287208445868e-05,0,0.00224267110271926,8.14850050204937,0.00413087448542623,133.811737946863
45,5.15338431736955,0.168234928113512,0.00349958966096273,0.0184364494515661,0.000554033986352074,9.38005039970812e-05,0,0.0315183731073989,0,5.91672483334553e-05,0.000633621212982945,3.49218885661624e-06,8.73047214154059e-07,5.56750594768391e-05,0.000632748165768791,0.000554033985550523,0,3.35137001625584e-05,7.87141801532202e-05,6.31116404738138e-06,0,8.45188567109725,0.00412106048800332,133.929575347833
46,5.15391729248091,0.168328135981378,0.0035624463551622,0.0178634565811372,0.000537978205247413,0,0,0.0312454737498438,0,5.97636420955375e-05,0.000608965267741782,3.46279800799599e-06,8.65699501998999e-07,5.63008440875415e-05,0.000608099568239783,0.000537978204598775,0,3.47817159969085e-05,7.01213635904029e-05,0,0,8.3261921423905,0.00408235988644518,133.939004267243
47,5.15360719750289,0.168418692849866,0.00353206973896744,0.0173079903903158,0.000523284011154042,6.11788292864032e-05,0.00648616271842545,0.0311360210704693,0.00136300326314541,5.9250038344763e-05,0.000589735843527182,3.45963237280599e-06,8.64908093201498e-07,5.5790405971957e-05,0.000588870935433981,0.000523284010653768,0,3.48590456200505e-05,6.55869247418118e-05,2.23093506117645e-06,0.00400392410561053,7.77998572219212,0.00406982702410431,133.933518381862
48,5.16075184609587,0.168506823659014,0.00356352339534645,0.0181312290475652,0.000541529544969371,5.35885038801406e-05,0.00645853048356236,0.0308412299001188,0.0013537481860306,5.94487043259265e-05,0.000614769346677518,3.44481856172736e-06,8.61204640431839e-07,5.60038857641991e-05,0.000613908142037086,0.000541529544093871,0,3.43427041239238e-05,7.23785978741616e-05,1.77228964828966e-06,0.00512256870819798,6.85048947538984,0.00403364671698266,134.059887506603
49,5.16777455167572,0.168598075082554,0.00358664187540942,0.0189255300287892,0.000561419368137613,0,0.0064663183005021,0.0305794156889404,0.00134899697316267,5.98390663989408e-05,0.000642127321463052,3.44905786339351e-06,8.62264465848377e-07,5.63900085355472e-05,0.000641265056997204,0.000561419366969833,0,3.39332340134602e-05,7.98456899329585e-05,0,0.00388838414951074,5.63248008983065,0.0039960306374389,134.18404537438
50,5.17427781462769,0.168692729307336,0.00355532910940717,0.019693635642318,0.000577683978053671,9.04049545543698e-05,0.00646580230331221,0.0299978657636212,0.00133637255373385,5.92588222995633e-05,0.000667868190120589,3.44905786339351e-06,8.62264465848377e-07,5.58097644361698e-05,0.000667005925654741,0.000577683977171283,0,3.27024054600104e-05,8.9321948409722e-05,5.80490661127473e-06,0.00218958822518642,4.1504366863576,0.00391690604801593,134.298971730379
51,5.18153491391414,0.168790180394271,0.00361385354991277,0.0204311530617198,0.00059554816380261,9.60931903603336e-05,0,0.0286457079433775,0,6.00931249064773e-05,0.000691648416291115,3.44481856172736e-06,8.61204640431839e-07,5.66483063447499e-05,0.000690787211650683,0.000595548162641015,0,3.28263799807852e-05,9.52390489117325e-05,7.26053447626851e-06,0,2.53494101435633,0.00373780796818867,134.427165532495
52,5.18206715955618,0.168890703076273,0.00367724513350343,0.019813052053759,0.000583411983717859,0.000103393793422048,0.00644933404913336,0.023717917706513,0.00118335625434861,6.11138195929264e-05,0.00067012352964418,3.44057392189179e-06,8.60143480472948e-07,5.76732456710346e-05,0.000669263386163707,0.000583411983232113,0,3.43367664051168e-05,8.58514028919572e-05,1.00861253486962e-05,0.00148085708419112,0.896086434140921,0.00309231597471355,134.436565185247
53,5.18867372644189,0.168989235936386,0.0037482828482192,0.020391991869064,0.000604903325533299,0.000109000075299057,0.00651351267700264,0,0,6.28474126858399e-05,0.00069615974183503,3.47437823410198e-06,8.68594558525495e-07,5.93730344517379e-05,0.000695291147276505,0.000604903323934762,0,3.51769017001918e-05,9.03878232109361e-05,1.27999811972689e-05,0.00275263836051109,0,0,134.553213929188
54,5.18932081450527,0.169091458087184,0.00382382737360267,0.019764845984423,0.000594838446077531,6.35223753025669e-05,0.00653375794187872,0,0,6.43531079627264e-05,0.000677021895087262,3.48486796300804e-06,8.7121699075201e-07,6.08682399997184e-05,0.00067615067809651,0.000594838445763351,0,3.70747022126137e-05,8.13122323084176e-05,2.36458499776112e-06,0.00707329545621331,0,0,134.564636678895
55,5.18955947900771,0.169192040187357,0.00385408931340088,0.0191492482081409,0.000581156355333831,0.000102046103094593,0.00653229205037121,0,0,6.49151332781422e-05,0.000656197308181624,3.48486796300804e-06,8.7121699075201e-07,6.14302653151342e-05,0.000655326091190872,0.000581156354809024,0,3.81840111993434e-05,7.41697363417851e-05,8.90876130469024e-06,0.0014236378501398,0,0,134.568849599434
56,5.19015840953258,0.169290367216784,0.00392334606479823,0.0185486749553709,0.000569514197746021,6.16262665120799e-05,0.00654521809632367,0,0,6.62504316639199e-05,0.000636997243758319,3.49114413490889e-06,8.72786033727223e-07,6.2759287529011e-05,0.000636124457724592,0.000569514197408382,0,3.99787196853678e-05,6.66102602915383e-05,2.22343805848508e-06,0.00386629491696635,0,0,134.57942168567
57,5.1903946467857,0.169386780484456,0.00395246834607665,0.0179610632121385,0.000553911494955849,9.44474396044026e-05,0.00652526432163599,0,0,6.65969996931862e-05,0.000615217657489352,3.48067644987683e-06,8.70169112469209e-07,6.31163232433094e-05,0.000614347488376883,0.000553911494409107,0,4.09598635569114e-05,6.04359939292463e-05,6.54468304873116e-06,0.00259965023936427,0,0,134.583591545701
58,5.19093983766368,0.169480605769259,0.00401499334553874,0.0173902891098106,0.000539850018122434,3.10588805579408e-05,0,0,0,6.75805331337229e-05,0.000594816271419648,3.47437823410198e-06,8.68594558525495e-07,6.41061548996209e-05,0.000593947676861123,0.000539850017728001,0,4.25121542596707e-05,5.40976591066235e-05,7.82494851618179e-07,0,0,0,134.59321456234
59,5.19091224245887,0.169572099877355,0.00401456513756632,0.0168347725836959,0.000523858905932084,8.42847524868144e-05,0.00649392790062602,0,0,6.74262420788754e-05,0.000574312648735731,3.46385252201102e-06,8.65963130502756e-07,6.39623895568644e-05,0.000573446685605228,0.000523858905469885,0,4.30080334226301e-05,4.95877801052727e-05,4.61989011700551e-06,0.00326501070661574,0,0,134.592727494601
60,5.19138047048182,0.169660931732074,0.00406802781235386,0.0162962698915076,0.000511823751353929,0.000106404405506203,0.00650296015772103,0,0,6.85230707677375e-05,0.000557339255057615,3.47122425579265e-06,8.67806063948164e-07,6.50518465119449e-05,0.000556471448993666,0.000511823751122734,0,4.45788965119284e-05,4.46476978566219e-05,1.11926858406563e-05,0.000465717842986724,0,0,134.60099181718
61,5.19205739690539,0.169747768226611,0.00414394804069753,0.015770772746532,0.000502921925792121,9.46181899116823e-05,0.00655892950014962,0,0,7.04028773945385e-05,0.000543801014702843,3.49844925847768e-06,8.7461231461942e-07,6.69044281360608e-05,0.000542926402388223,0.000502921925682221,0,4.6787551131569e-05,4.00044766995915e-05,6.46764617933353e-06,0.00395796064741763,0,0,134.612939289491
62,5.19263010756554,0.169833138101107,0.00420818806690408,0.0152550442934578,0.000491271691338297,7.15604126074295e-05,0.00658036501524843,0.0136722161151819,0.00086121259265749,7.17840397215777e-05,0.000527941028468216,3.50989082519276e-06,8.77472706298191e-07,6.8274148896385e-05,0.000527063555761917,0.00049127169117378,0,4.86232812857393e-05,3.57918645790864e-05,2.9786806863851e-06,0.00386919843901841,0.233914171083916,0.00178888266452665,134.623047008186
63,5.19738645952304,0.169916572314107,0.004249658029278,0.0156130341643568,0.000498280831482098,0,0.00653306995496512,0.0277657036536637,0.00129252052914032,7.19299624471483e-05,0.000536313949941682,3.48486796300804e-06,8.7121699075201e-07,6.84450944841403e-05,0.00053544273295093,0.000498280831418431,0,4.85138612412187e-05,3.71619015289464e-05,0,0.0024711944150405,1.84940984308518,0.00363426864227899,134.706977686907
64,5.20368486052771,0.170001238485042,0.0042192730188116,0.0163949067792861,0.000521173130704232,9.25521768041435e-05,0.00655837286491258,0.0299792052237498,0.00134565419406638,7.16055908976421e-05,0.000565022909001499,3.49844925847768e-06,8.7461231461942e-07,6.81071416391644e-05,0.000564148296686879,0.000521173129903811,0,4.72602166047248e-05,4.29751667354257e-05,5.98815775813681e-06,0.002151177102141,3.48826442330059,0.00392235755915092,134.818081666848
65,5.21109682888408,0.170089838562727,0.00428055482793385,0.0172056711295191,0.000542464864436281,0.000111691507584223,0.00653906724837413,0.0307072734787316,0.00135953037625135,7.23309907255395e-05,0.000590801665092149,3.48800772360372e-06,8.7200193090093e-07,6.88429830019358e-05,0.000589929663161249,0.000542464863640746,0,4.71443886102101e-05,4.74647994714911e-05,1.46125885059828e-05,0.0027613331061987,5.03879268042373,0.00401484358003131,134.948774032515
66,5.21874912859733,0.170182106323945,0.00436002324394727,0.0180077846881459,0.000566404217633971,1.64748598172547e-05,0.0065531436105388,0.0311714569898155,0.00137099118164948,7.37288630303903e-05,0.000619230150761274,3.49532076221263e-06,8.73830190553158e-07,7.02335422681776e-05,0.000618356320570721,0.000566404216501985,0,4.75773738195675e-05,5.19521039971744e-05,3.59400249466143e-07,0.00449755275444363,6.39532867610074,0.00407194445385046,135.083641817578
67,5.2255766274514,0.170278498186733,0.00434311934161739,0.0187961029274339,0.000588386320828311,7.53321760764312e-05,0.00657286353025398,0.0314803604755777,0.00137968744039988,7.35737099353014e-05,0.000647882315819309,3.50573567953684e-06,8.7643391988421e-07,7.00679742557645e-05,0.000647005881899425,0.00058838631973285,0,4.65325216589714e-05,5.86195620939403e-05,3.35508053645575e-06,0.00672641277637334,7.46542672400797,0.00410859259341258,135.203919631052
68,5.23298291552837,0.170378687725797,0.00438420164524127,0.0195696062880516,0.000609207692657448,0.000104658143768506,0.00656150924823976,0.0315961789069467,0.00138140951203978,7.41783710716684e-05,0.000674136714265861,3.50573567953684e-06,8.7643391988421e-07,7.06726353921316e-05,0.000673260280345977,0.000609207691556027,0,4.63043279157549e-05,6.40525887148205e-05,9.76035751525124e-06,0.00022346274845441,8.17616141060117,0.00412074370589843,135.334337066988
69,5.240661741158,0.170482483733024,0.00445368442369384,0.0203226044609759,0.000628862044493365,0.000110361755267106,0.0065555667669154,0.0315856057566219,0.00138028514885268,7.51273967892594e-05,0.000698407665233503,3.49949132847767e-06,8.74872832119417e-07,7.16279054607817e-05,0.000697532792401384,0.000628862043409674,0,4.64734239020386e-05,6.86707489164254e-05,1.32206692506892e-05,0.000438538024488236,8.47909734153362,0.0041160405883399,135.469491413272
70,5.24838198857781,0.170589693696295,0.00452794411059131,0.0210535055040291,0.00064632579188956,4.18984043804479e-05,0.00653371044675564,0.0314409895761377,0.00137460761594999,7.59699095958634e-05,0.000720079443910451,3.48486796300804e-06,8.7121699075201e-07,7.24850416328554e-05,0.000719208226919699,0.000646325790950713,0,4.66320101449529e-05,7.28824359027907e-05,1.17978285263406e-06,0.00626759037047594,8.35358993373758,0.00409376452533003,135.605311098372
71,5.25543803479251,0.170699950215161,0.00453291488744344,0.0217600204447642,0.000658238709369355,6.27662179119314e-05,0.00647776342776654,0.0311040023410026,0.00136143508346311,7.53315816984534e-05,0.000737573911101352,3.45540667682202e-06,8.63851669205506e-07,7.18761750216314e-05,0.000736710059432146,0.000658238708882622,0,4.5546626740902e-05,7.84713505142486e-05,2.34862962996521e-06,0.00230506670524877,7.80819230964354,0.00404654361108357,135.729389938017
72,5.26261745086096,0.17081231153008,0.00455835774767854,0.0224401825448154,0.000674673637115159,0,0.00647069092681561,0.0309106190177001,0.00135661446908691,7.56071794710284e-05,0.00075954776624866,3.452233800736e-06,8.63058450184e-07,7.21549456702924e-05,0.000758684707798476,0.000674673636105194,0,4.51680003756727e-05,8.40110716185965e-05,0,0.00115165048049856,6.88007241602133,0.00401862927526457,135.855583628979
73,5.26918870216481,0.170927554093564,0.00452032636474472,0.0230977194125354,0.000688419867344548,9.16353463031691e-05,0.00646626008818935,0.0305884336809767,0.00134918683508397,7.48424533501874e-05,0.000780752778010354,3.44905786339351e-06,8.62264465848377e-07,7.13933954867939e-05,0.000779890513544505,0.000688419866566963,0,4.38566009335917e-05,9.1470646918284e-05,6.07591766784449e-06,0.00357545445123295,5.66323309265601,0.00397399674322685,135.971039346181
74,5.27656472752016,0.171045224017679,0.00457347831606156,0.0237325761229015,0.000704826850668668,0.000106502674115737,0.00646660025269856,0.0300149519598345,0.00133679561961067,7.56474462166136e-05,0.000801822924972806,3.44905786339351e-06,8.62264465848377e-07,7.21983883532201e-05,0.000800960660506958,0.000704826849484492,0,4.40053145371078e-05,9.61338109313084e-05,1.16590066429834e-05,0.00674937961326617,4.18338544474478,0.00389730903335501,136.100580055833
75,5.28401071193352,0.171165781284245,0.00464071481672597,0.0243373418904906,0.000720919800884782,8.57605884010473e-05,0.00646508149104663,0.0287216496620556,0.0013079143461838,7.66848862379034e-05,0.000821863731431085,3.44905786339351e-06,8.62264465848377e-07,7.32358283745099e-05,0.000821001466965237,0.000720919799677176,0,4.43990365515554e-05,0.000100081667194539,4.91982537813848e-06,0.00135963657593119,2.57028324758952,0.00372679109083048,136.231290789365
76,5.29111302323161,0.171289178085207,0.00468640406858388,0.0248959207340486,0.000735190976234624,0.000102542286543692,0.0064661735641144,0.0240184844404236,0.00119275764019337,7.73729918624257e-05,0.000840371454547221,3.44905786339351e-06,8.62264465848377e-07,7.39239339990322e-05,0.000839509190081373,0.000735190975230239,0,4.45162951239522e-05,0.000104318214772721,9.56644584167805e-06,0.00319344909933248,0.933856750148937,0.00311438161876629,136.355913717502
77,5.29777575460546,0.171415108343262,0.00474819262689449,0.0253238900567215,0.000747678498648975,8.95735960135839e-05,0.00647221866037401,0,0,7.84092337225675e-05,0.000855305763367327,3.452233800736e-06,8.63058450184e-07,7.49569999218315e-05,0.000854442704917143,0.000747678497852209,0,4.50498601135855e-05,0.000106764207002643,5.61446727025522e-06,0.00359709585806684,0,0,136.472774876085
78,5.29817829898189,0.171543271734114,0.00479635174175316,0.024545737951559,0.000735147727365355,9.46403826054493e-05,0.0065051785612184,0,0,7.96948055111799e-05,0.000833734634082802,3.47017221443564e-06,8.67543053608911e-07,7.62246332967443e-05,0.000832867091029193,0.000735147726641709,0,4.68187243328146e-05,9.77193643326267e-05,6.66649160691199e-06,0.00186616595749396,0,0,136.47983381057
79,5.29863592166608,0.171669381380474,0.00484990814366437,0.023781906001904,0.000721689308739623,0.000104902155512224,0.00653360997932873,0,0,8.10063205699224e-05,0.00081160487525682,3.48486796300804e-06,8.7121699075201e-07,7.75214526069144e-05,0.000810733658266068,0.000721689307991668,0,4.8653880398694e-05,8.90443502196369e-05,1.01726683436293e-05,0.005050608500638,0,0,136.487858378836
80,5.29919703871948,0.171793273337654,0.00491409234410984,0.0230332778945418,0.000707295840123782,0.000100273578522268,0.00655267508212787,0,0,8.24059277646882e-05,0.000788795602117537,3.49532076221263e-06,8.73830190553158e-07,7.89106070024756e-05,0.000787921771926984,0.000707295839360809,0,5.06187735488494e-05,8.06259325124917e-05,8.13883811413604e-06,0.00249305888632224,0,0,136.497697453826
81,5.29972371852863,0.171914782005247,0.00497404117398841,0.0223007542900463,0.000691262119084172,0,0,0,0,8.35947033614264e-05,0.000764997295110515,3.49949132847767e-06,8.74872832119417e-07,8.00952120329487e-05,0.000764122422278395,0.000691262118240171,0,5.24447274451289e-05,7.28603039812758e-05,0,0,0,0,136.506932376025
82,5.29932788865468,0.172033620181758,0.00493420835908526,0.0215859156018512,0.000670741018932934,0.000107038257210087,0.00654716315473316,0,0,8.28463610266852e-05,0.000739342379039796,3.49218885661624e-06,8.73047214154059e-07,7.9354172170069e-05,0.000738469331825642,0.000670741017668271,0,5.25245316827674e-05,6.7728314073959e-05,1.11876584237853e-05,0.00379023065506343,0,0,136.499991833369
83,5.29993764863561,0.172149010187449,0.00500236275784075,0.0208930501464526,0.000652283619809531,8.87671050106556e-05,0.00652759264403782,0,0,8.38212948418907e-05,0.000713810329653924,3.48172487877788e-06,8.70431219694471e-07,8.03395699631128e-05,0.00071293989843423,0.000652283618900098,0,5.42482253747866e-05,6.06562794769623e-05,5.30934502536335e-06,0.00407018256761795,0,0,136.510683390943
84,5.3003873564082,0.172261300166961,0.00505286901155954,0.0202202022739495,0.000636681335066386,0.000113646722819198,0.00653917439442904,0,0,8.4905163169867e-05,0.000692408391123028,3.48800772360372e-06,8.7200193090093e-07,8.14171554462633e-05,0.000691536389192127,0.000636681334490276,0,5.59499021789334e-05,5.48550546672765e-05,1.65631329097077e-05,0.00311356887646847,0,0,136.518568334632
85,5.30107649288804,0.172370975721532,0.00512874841578172,0.0195642896066479,0.00062165045548333,0.000114966974163669,0.006552959528503,0,0,8.64448152043995e-05,0.000671672526612494,3.49532076221263e-06,8.73830190553158e-07,8.29494944421869e-05,0.000670798696421941,0.000621650455013753,0,5.8083476338959e-05,4.91482413815105e-05,1.78436420531169e-05,0.00341789229952616,0,0,136.530650883128
86,5.3017852287985,0.172478130217101,0.00520635741465732,0.0189246883477336,0.000606007714779488,2.47940883967096e-05,0.00656095805306015,0.0148907935905437,0.000908596325279778,8.79429202525267e-05,0.00065079932011006,3.49949132847767e-06,8.74872832119417e-07,8.4443428924049e-05,0.00064992444727794,0.000606007714333812,0,6.02031204489045e-05,4.39167329202301e-05,5.82366247212381e-07,0.00446181145365624,0.272665543669685,0.00193797334514337,136.543076543064
87,5.30636519021487,0.172582653294643,0.00519423629844633,0.019210541905393,0.000611707763296678,0.000111628795258695,0.00653905119201584,0.0278676882145266,0.00129550469641045,8.74103269519036e-05,0.000658313947726555,3.48800772360372e-06,8.7200193090093e-07,8.39223192282998e-05,0.000657441945795655,0.000611707763234243,0,5.94540087123902e-05,4.57341825579938e-05,1.45566111158047e-05,0.0027152998366963,1.88576774082495,0.00362857367146938,136.62336030355
88,5.31375974389948,0.172688223443474,0.00526878601992612,0.0198771421807585,0.000631603720180527,9.38702986845933e-05,0.00654444832607844,0.0299467209008458,0.00134349624759729,8.86426719985176e-05,0.000681385205697526,3.49114413490889e-06,8.72786033727223e-07,8.51515278636088e-05,0.000680512419663799,0.000631603719348373,0,5.98873792646247e-05,4.89087002688715e-05,6.33443748941022e-06,0.0018091994656613,3.52219423826553,0.00389829636291218,136.752935368967
89,5.32123202633411,0.172797293967832,0.00532458450309934,0.0205707165759523,0.000663222989279071,7.52602271983649e-05,0,0.0312739655210084,0,9.11176170631346e-05,0.000717680885442942,3.55516958791577e-06,8.88792396978942e-07,8.75624474752189e-05,0.000716792093045963,0.000663222987005996,0,6.10335284586386e-05,5.35691059094374e-05,3.24069927907714e-06,0,5.07042527451351,0.00406797211325012,136.883814012712
90,5.32154950439984,0.172911897105677,0.00536012590199653,0.0198876049136887,0.000637423707312303,9.11696011097149e-05,0.00658805975336776,0.0313372934675878,0.00137829851900375,9.076180427752e-05,0.000686181498912309,3.51403969503269e-06,8.78509923758173e-07,8.72477645824873e-05,0.000685302988988551,0.000637423705945066,0,6.17508166383074e-05,4.78792829685861e-05,5.61293950521128e-06,0.00344620201616952,6.42495146302135,0.00407318518480083,136.889373409796
91,5.32918314668261,0.173022115248169,0.00541269276247909,0.0206101364575982,0.000659787928254626,9.95536771859531e-05,0.0066029588320936,0.0316368569039818,0.00138639602518919,9.17828631236022e-05,0.000712569208343632,3.52335138652962e-06,8.80837846632405e-07,8.82595117370726e-05,0.000711688370497,0.000659787927124485,0,6.18679948869481e-05,5.1900443308772e-05,7.6410473543236e-06,0.000794336695712288,7.4934640825026,0.0041144977768635,137.023015186457
92,5.33693102726283,0.17313627315113,0.00547257354259566,0.0213170753541873,0.000680605260958183,8.50942849543916e-05,0.00661107059358387,0.0317796612701002,0.00139019934051141,9.27690683973526e-05,0.00073722706970195,3.52644803220077e-06,8.81612008050193e-07,8.92426203651519e-05,0.0007363454576939,0.0006806052598817,0,6.20184101872031e-05,5.57401977499583e-05,4.51212978524235e-06,0.00259393268784258,8.20314576374022,0.00412987278752884,137.15859444575
93,5.34455816386315,0.1732541106095,0.00551699066597711,0.0220057052893374,0.000699946950866502,2.21050239354455e-05,0.00660927171429306,0.0318235059695194,0.00139101024527256,9.34153033534543e-05,0.000760616933869671,3.52644803220077e-06,8.81612008050193e-07,8.98888553212535e-05,0.000759735321861621,0.000699946949846886,0,6.18909775270545e-05,5.97883719542494e-05,5.01763000583288e-07,0.000938035502914791,8.50563287296229,0.00413237734949927,137.291999455204
94,5.35159539135669,0.173375379295946,0.00549752066553884,0.0226745053091802,0.000716147514178582,9.5472640536647e-05,0,0.031751936716984,0,9.28262298476768e-05,0.000781961230683319,3.52025109768087e-06,8.80062774420218e-07,8.9305978749996e-05,0.000781081167908899,0.000716147513385381,0,6.06600783633367e-05,6.49336544747224e-05,6.53263998395222e-06,0,8.3803114135589,0.00412008170023084,137.41503255787
95,5.35207688512252,0.173499541642848,0.00555082411099604,0.0219347460769117,0.000689771468423053,0,0,0.0313358183799536,0,9.28034114752605e-05,0.000748577547461023,3.48172487877788e-06,8.70431219694471e-07,8.93216865964826e-05,0.000747707116241328,0.000689771466527182,0,6.17308283111754e-05,5.79356496028858e-05,0,0,7.83572183588489,0.00406364811114557,137.423448710624
96,5.35167726100656,0.173619216676458,0.00550974964490284,0.0212231806520823,0.000665810025296706,8.37931591557708e-05,0.00648569267609813,0.0309797169224188,0.00135965523545763,9.16400942878321e-05,0.000720113420585342,3.45963237280599e-06,8.64908093201498e-07,8.81804619150261e-05,0.000719248512492141,0.000665810023868875,0,6.15480612526854e-05,5.34384885417908e-05,4.55962057137582e-06,0.00232041493966473,6.90897701968193,0.00401987811489045,137.41646359549
97,5.35916245194446,0.173734814091506,0.00555362751834774,0.0218966865001954,0.000685270788462216,0.000105921932339552,0.00649418040362383,0.0307213261197589,0.00135502194929567,9.23789944756419e-05,0.000743463766986261,3.46385252201102e-06,8.65963130502756e-07,8.89151419536308e-05,0.000742597803855758,0.000685270787437314,0,6.150431065987e-05,5.73270163584486e-05,1.10461745556392e-05,0.00478326466711071,5.6933034193212,0.00398930176223442,137.547271209274
98,5.36682649924066,0.173853869484541,0.00561871859709721,0.0225448338376047,0.000701777610012225,0,0.00647766137670569,0.0300827766429343,0.00133947796439703,9.31316976819804e-05,0.000763194233341666,3.45540667682202e-06,8.63851669205506e-07,8.96762910051584e-05,0.00076233038167246,0.00070177760921182,0,6.16051867922558e-05,6.0552772412916e-05,0,0.00211318415117154,4.21564689100361,0.00390360036375886,137.681144008449
99,5.37341136046094,0.17397587623756,0.00557708847661986,0.023159793604223,0.000716358086584097,8.43636890748879e-05,0.0064723280748097,0.0287879643606584,0.00131010147320952,9.22718741580702e-05,0.000782939516907856,3.452233800736e-06,8.63058450184e-07,8.88196403573342e-05,0.000782076458457672,0.000716358085895665,0,6.01653170494902e-05,6.57183725193966e-05,4.67698981626974e-06,0.0042420523818222,2.60493311527518,0.00373286621093477,137.79611723433
100,5.38063345890409,0.174100505263373,0.0056193338844514,0.0237295113903601,0.000731145989456436,0.00010086624931227,0.00646656074355169,0.0242566971577703,0.00119905757145825,9.27984850046176e-05,0.000801094840758327,3.44905786339351e-06,8.62264465848377e-07,8.93494271412241e-05,0.000800232576292479,0.000731145988697752,0,6.01035877313192e-05,6.90865875469677e-05,8.85617598016184e-06,0.00611856272913983,0.970929574121451,0.00314370365333516,137.92216506196
101,5.3874280569354,0.174227798149559,0.00567738632428421,0.0241723023127675,0.00074360303675237,8.92777478619709e-05,0.00646111703543567,0,0,9.36864478908947e-05,0.000815742095748624,3.44905786339351e-06,8.62264465848377e-07,9.02373900275012e-05,0.000814879831282776,0.000743603036188536,0,6.04932686814336e-05,7.12767950584701e-05,5.57123468938329e-06,0.000440546344317643,0,0,138.040702387692
102,5.38784011969592,0.174357354469349,0.00572319984435702,0.0234027347351664,0.000726039925302522,7.29276661879711e-05,0.0064774470979123,0,0,9.47246429571891e-05,0.000791668337877531,3.45540667682202e-06,8.63851669205506e-07,9.12692362803671e-05,0.000790804486208325,0.000726039924300241,0,6.22276394984787e-05,6.47645618471654e-05,3.21833882628057e-06,0.00179876481052124,0,0,138.047889624364
103,5.38810723292975,0.174483944869964,0.00575325247154894,0.0226523631831724,0.000714440490282378,3.35500686058731e-05,0.00654497464726175,0,0,9.63468642433366e-05,0.000774879537020588,3.49218885661624e-06,8.73047214154059e-07,9.28546753867203e-05,0.000774006489806434,0.000714440489896103,0,6.42770558678121e-05,5.95659998878118e-05,8.61079387264464e-07,0.000909195079894265,0,0,138.052548544271
104,5.38800833623867,0.174608603265083,0.00574419466967602,0.0219149092805922,0.000696561484406833,8.53447525171434e-05,0.00656617508657867,0,0,9.65973339541338e-05,0.000752329869518423,3.50261523881574e-06,8.75653809703934e-07,9.30947187153181e-05,0.000751454215708719,0.000696561483583395,0,6.52322595427363e-05,5.48927320789975e-05,4.63796713403093e-06,0.00213797276098161,0,0,138.050823622372
105,5.38840674164385,0.174730228892964,0.00578764993706166,0.0211967177882057,0.000679599479071808,0.000109586705295737,0.00658023187479025,0,0,9.77268759131833e-05,0.000730236067504074,3.51300306930108e-06,8.7825076732527e-07,9.42138728438822e-05,0.000729357816736749,0.00067959947841692,0,6.70298938502386e-05,4.97583382847248e-05,1.23681946102988e-05,0.000395870085010494,0,0,138.057772410067
106,5.38904205048986,0.174848975465498,0.00585590338702715,0.020496858946791,0.000661037832296219,7.24992827200832e-05,0.00649617798955875,0,0,9.89880589927061e-05,0.000706506084049537,3.51300306930108e-06,8.7825076732527e-07,9.5475055923405e-05,0.000705627833282211,0.000661037831606798,0,6.90335428185385e-05,4.45900016404678e-05,3.05964397582124e-06,2.86482025648816e-05,0,0,138.068852809694
107,5.38933570147615,0.174964557253219,0.00588767382561012,0.0198169346650108,0.000644294064976016,7.41181257785779e-05,0.00660634561339136,0,0,9.99587239296205e-05,0.000685656942316829,3.52438400784373e-06,8.81096001960932e-07,9.64343399217768e-05,0.000684775846314868,0.00064429406448118,0,7.06625774626624e-05,4.04817818098201e-05,3.19219994724671e-06,0.00140980387888067,0,0,138.073974225464
108,5.38965211516878,0.175077285879038,0.00592163615387311,0.0191549433929321,0.000621055915071755,9.49065583865561e-05,0.00655901408081065,0,0,9.99050506469128e-05,0.000658229683385213,3.49844925847768e-06,8.7461231461942e-07,9.64066013884352e-05,0.000657355071070593,0.000621055914223302,0,7.15643650358466e-05,3.62991568084343e-05,6.53891435817436e-06,0.00453692141839373,0,0,138.079492534167
109,5.39017641032471,0.175186018663028,0.00597736792298475,0.0185174866597775,0.000603383742975898,9.27099001485986e-05,0.00655718355978694,0,0,0.0001009820893047,0.000636844689088188,3.49949132847767e-06,8.74872832119417e-07,9.74825979762219e-05,0.000635969816256069,0.000603383742545868,0,7.33472483900004e-05,3.25860736916211e-05,6.01683761948653e-06,0.000601206771380456,0,0,138.088636103325
110,5.39068763221565,0.175291723058686,0.00603150161074914,0.0178987962866005,0.000589248256132651,0.000111614199438703,0.0065979481891121,0.0160039794460586,0.00095248343437578,0.000102607948946095,0.000619535738022191,3.52025109768087e-06,8.80062774420218e-07,9.90876978484139e-05,0.000618655675247771,0.000589248255893128,0,7.55177676805359e-05,2.94074193448918e-05,1.36814186565562e-05,0.00104620603994848,0.31071735288416,0.00208183548688448,138.09755140478
111,5.39639514225885,0.175395013400813,0.00610491980034823,0.0182476638258657,0.000610294538618021,0.000114284997049554,0.00670944469899088,0.0285684658796558,0.00132871026425207,0.000105537532822078,0.000642041845395946,3.57951736577212e-06,8.9487934144303e-07,0.000101958015456306,0.000641146966054503,0.000610294538072439,0,7.75462340866163e-05,3.08524279596522e-05,1.43236509401792e-05,0.00124805874055931,1.92143112861258,0.00371809075032114,138.197067499716
112,5.40410045989034,0.175502056019592,0.00617973307604081,0.01895096298031,0.000625178910063434,0,0,0.0303608187351077,0,0.00010554410362465,0.00065917744962956,3.54085010351861e-06,8.85212525879651e-07,0.000102003253521132,0.000658292237103681,0.000625178909754462,0,7.69960972150642e-05,3.31133273360848e-05,0,0,3.55543466976632,0.0039495892869099,138.331364062009
113,5.40372042461214,0.175611776203688,0.00613962202112076,0.0183097397829023,0.000610732200066283,0.000102433645388586,0.00668780444035948,0.031403222916376,0.00139056647219465,0.000105824285660376,0.00064236619814881,3.56940379168273e-06,8.92350947920682e-07,0.000102254881868693,0.000641473847200889,0.00061073219980656,0,7.78255939495675e-05,3.07416473836982e-05,8.15061394561793e-06,0.00055412285946975,5.10137333533426,0.0040819194948697,138.324741832337
114,5.41164861712832,0.175719027970127,0.00620252475053904,0.0190744251919332,0.000637149318906672,0.000100971256005445,0.00671430474394679,0.031959057838322,0.00140558998378925,0.000107276999576541,0.000671964281862969,3.58656962363416e-06,8.9664240590854e-07,0.000103690429952907,0.000671067639457061,0.000637149317930892,0,7.82044575004031e-05,3.3918321484541e-05,7.52952573633572e-06,0.000255459446963213,6.45389396004239,0.00415699861348329,138.462862200271
115,5.41963427873064,0.175830987229117,0.006262651084298,0.019826424126176,0.000658021031038537,9.08394890506336e-05,0,0.0320898643897658,0,0.000107838880339073,0.000695843106563467,3.57547738692337e-06,8.93869346730843e-07,0.00010426340295215,0.000694949237216737,0.000658021030349844,0,7.7942561918504e-05,3.69282068363606e-05,5.25194097640703e-06,0,7.52082449846287,0.00417055351143262,138.60191846958
116,5.42009996053609,0.175946687716622,0.00631167904261269,0.0191507702017199,0.000639903969940851,9.61155691191554e-05,0.00671805663737198,0.0322780672403681,0.00141236357405927,0.000109052218627515,0.000674022771745421,3.58355000260045e-06,8.95887500650113e-07,0.000105468668624914,0.000673126884244771,0.000639903969484965,0,7.98725099712448e-05,3.32229147407341e-05,6.27918132356716e-06,0.00244377944649151,8.22945539758842,0.00419158838014238,138.610025480876
117,5.42808329648619,0.17605927670059,0.00636658878360209,0.0199067569734209,0.000655779479038863,0.000106326109116201,0.00664502741711587,0.0319878392482132,0.00139832231478591,0.000108671113899184,0.000692630124188942,3.54494992945809e-06,8.86237482364523e-07,0.000105126163969726,0.000691743886706577,0.000655779478641188,0,7.88949849298167e-05,3.59644080480675e-05,9.98948272402586e-06,0.00151565833956372,8.53149463271157,0.00415620072121188,138.748972072386
118,5.43608823049609,0.176174732761344,0.00643107418698018,0.0206317626885438,0.000676210901335091,0.000104513019352688,0.00663103527592228,0.0319077087401675,0.00139513164475546,0.000109409569871817,0.000715953053699726,3.53777080642102e-06,8.84442701605256e-07,0.000105871799065396,0.00071506861099812,0.000676210900600089,0,7.88233632307761e-05,3.88577103649188e-05,9.28067939750578e-06,0.00116080097400662,8.40635872910211,0.00414240663105868,138.888229076031
119,5.4440547318993,0.176293864036177,0.00649276990089622,0.0213319617960842,0.000695065760120616,0,0.00661352604444291,0.0317353267128215,0.00138950420748017,0.00011000265920496,0.000737653448174237,3.52747943330256e-06,8.8186985832564e-07,0.000106475179771658,0.000736771578315911,0.000695065759426429,0,7.86725495683047e-05,4.17058188572284e-05,0,0.00531321071189824,7.86257549179417,0.00411674213914902,139.026752507056
120,5.45099240018766,0.176416399864788,0.00644905963425628,0.022006520676121,0.000705174869512072,0.000106183714456749,0.00653181442268953,0.031201221031002,0.00136940178885241,0.000107822891705371,0.000751379743252655,3.48486796300804e-06,8.7121699075201e-07,0.000104338023742363,0.000750508526261903,0.000705174869284963,0,7.6131029025187e-05,4.53336569658565e-05,1.08355885202923e-05,0.00112957924267415,6.93720284976599,0.00404434367892883,139.147333629811
121,5.4588375990623,0.176540804276543,0.00651139066834426,0.0226498245676438,0.000720821185870622,0.000108542311251611,0.00650410017535628,0.0307828905769111,0.00135748977699515,0.000108284686367759,0.000769661444796189,3.47017221443564e-06,8.67543053608911e-07,0.000104814514153323,0.00076879390174258,0.000720821185276957,0,7.59816668806357e-05,4.7972716435952e-05,1.25690830106431e-05,0.00105213409110016,5.72268871694664,0.00398785091699457,139.283629202134
122,5.46664032491987,0.176668058628436,0.00657533824507746,0.0232645018712305,0.000737238850553719,9.74934105101211e-05,0,0.0301670845005746,0,0.000109032414817062,0.00078869653951094,3.46385252201102e-06,8.65963130502756e-07,0.000105568562295051,0.000787830576380437,0.000737238849846923,0,7.6079008462473e-05,5.05917264974471e-05,7.52239381386109e-06,0,4.24721608269444,0.00390527115451245,139.419124869679
123,5.46713512635259,0.176798305184909,0.00662742275357694,0.022504186390949,0.000716858478089595,0,0.00649409056545723,0.0289153468559415,0.00131520054961394,0.000110031150637303,0.000763379510133994,3.46385252201102e-06,8.65963130502756e-07,0.000106567298115292,0.000762513547003491,0.000716858477122664,0,7.78929592626734e-05,4.56550698339907e-05,0,0.00410425277999524,2.63888285223376,0.00374064069637811,139.427715098443
124,5.47368882881768,0.176925044548892,0.00658274434208726,0.0230809646764727,0.00073228757784908,0.000107733369229703,0.00649377169329277,0.0245568627457692,0.0012093044766236,0.000109187815881242,0.000782588672756844,3.46385252201102e-06,8.65963130502756e-07,0.000105723963359231,0.000781722709626341,0.000732287577242184,0,7.64324604096228e-05,4.94351323535355e-05,1.21534318636119e-05,0.00272909047010184,1.00729427732418,0.00317879396419809,139.541470271909
125,5.48070794574143,0.177054604561226,0.00664525864789452,0.0235352701957403,0.000744657802496132,0,0.00648570106534767,0,0,0.000110002315907547,0.00079670810374337,3.45963237280599e-06,8.64908093201498e-07,0.000106542683534741,0.000795843195650168,0.000744657802084397,0,7.67563715452134e-05,5.11853935447436e-05,0,0.0023379611770367,0,0,139.66325561129
126,5.48026704678704,0.17718644965398,0.0065993886226759,0.0227671032236021,0.000722061325481272,0.000108574642696202,0.00647812937689987,0,0,0.000109252693908712,0.000770256758990511,3.45540667682202e-06,8.63851669205506e-07,0.00010579728723189,0.000769392907321305,0.000722061324233811,0,7.69148345563598e-05,4.73315830258272e-05,1.29236401972656e-05,0.00341789700003482,0,0,139.65560725076
127,5.48087665278626,0.177314389136675,0.00666316875926786,0.0220230056446038,0.000705730079145872,8.39890941015701e-05,0.00651168834792352,0,0,0.000111014429886224,0.000749388761911634,3.47332726656833e-06,8.68331816642083e-07,0.000107541102619656,0.000748520430094992,0.000705730078575521,0,7.93118996183131e-05,4.27903514927958e-05,4.53890307146446e-06,0.00325471766692029,0,0,139.666182153481
128,5.4812577493458,0.177439525234554,0.00670282173452385,0.0212965859015191,0.000691335796301297,3.42513442460216e-05,0.00656148970091271,0,0,0.000112753127034052,0.000731214370590618,3.50261523881574e-06,8.75653809703934e-07,0.000109250511795237,0.000730338716780914,0.000691335795913332,0,8.15970800598725e-05,3.90029208503641e-05,8.81887197188823e-07,0.000443803305090555,0,0,139.672792886913
129,5.48116762633666,0.177562195530027,0.0066931234231884,0.0205857510675211,0.00067348360083765,0,0.00659416235064086,0,0,0.00011319579223273,0.000710166999322328,3.51714719181071e-06,8.79286797952678e-07,0.00010967864504092,0.000709287712524376,0.000673483600307919,0,8.27393011723314e-05,3.5804112193956e-05,0,0.005398038035563,0,0,139.67122957146
130,5.48075659347267,0.177681780756845,0.00664988529314687,0.0198939436034184,0.000653991958621708,0.000105098477851135,0.00660380850101484,0,0,0.000112800441150648,0.000687923058102361,3.52335138652962e-06,8.80837846632405e-07,0.000109277089764118,0.000687042220255728,0.000653991958056394,0,8.3117411600487e-05,3.30502621762133e-05,9.72154729132686e-06,0.00106713182280758,0,0,139.664099500981
131,5.48136340035559,0.177797983212654,0.00671264002878032,0.0192227553021327,0.000631442911159839,7.39595021999641e-05,0.00656880575694897,0,0,0.000113425059079444,0.000661760918009474,3.50573567953684e-06,8.7643391988421e-07,0.000109919323399907,0.00066088448408959,0.000631442910495332,0,8.46616071766403e-05,2.9441573568711e-05,3.21531818141465e-06,0.000590634668945526,0,0,139.674625547807
132,5.48168133543192,0.177910252488772,0.00674513126939847,0.0185753537277666,0.000613112224228018,8.2434655206369e-05,0.00657629317616218,0,0,0.000114237849215766,0.000640585859426751,3.50989082519276e-06,8.77472706298191e-07,0.000110727958390573,0.000639708386720453,0.000613112223842637,0,8.62034695563083e-05,2.65961628638123e-05,4.18992370677277e-06,0.000553545928094692,0,0,139.680140497402
133,5.48208846314926,0.178019331439388,0.00678677567555446,0.0179473156384774,0.00059323169171662,9.09277629849336e-05,0,0,0,0.000114831188957448,0.000617978495709322,3.50261523881574e-06,8.75653809703934e-07,0.000111328573718633,0.000617102841899618,0.000593231691318636,0,8.75993061953142e-05,2.38711505673593e-05,5.62389096133095e-06,0,0,0,139.687202446836
134,5.48258588981095,0.178124938148536,0.00683768549474242,0.0173401742618607,0.000579862837939439,7.77788657390262e-05,0.00662098598062427,0.0169680338939242,0.000988513405392267,0.000116774962868746,0.000602330834627944,3.53160094119371e-06,8.82900235298426e-07,0.000113243361927553,0.000601447934392645,0.000579862837783723,0,9.00488484694045e-05,2.15850966039179e-05,3.55764346327399e-06,0.00345840863512376,0.348057812985891,0.00220531281694877,139.695830474991
135,5.48824652814119,0.178228226180679,0.00687576844151925,0.0177357284969107,0.000598048198373341,0,0.00668420202211745,0.0285546559571154,0.00132593802934947,0.00011849531828171,0.000621913269226809,3.56636092003014e-06,8.91590230007535e-07,0.000114928957361679,0.000621021678996801,0.000598048198068031,0,9.10070295412072e-05,2.29734809187082e-05,0,0.000981274241133989,1.95639104344657,0.00371302577485876,139.793998501296
136,5.49495724492296,0.178334815250246,0.00683506740889574,0.0184498225693858,0.000622572500704114,0,0.00671645401510481,0.0307114965011296,0.00137828533635227,0.000118179273377741,0.000649486388422304,3.58254253519592e-06,8.95635633798979e-07,0.000114596730842545,0.000648590752788505,0.00062257250006192,0,8.96938310439037e-05,2.60182527039396e-05,0,0.00330355975227262,3.58797961835614,0.00399175148310438,139.910335350606
137,5.50194173245785,0.178445841602139,0.00679335725844827,0.0191905515925748,0.000643101963949673,0.00010547859692918,0,0.0314397327524964,0,0.000116975573540424,0.000673229962742081,3.57244262291221e-06,8.93110655728051e-07,0.000113403130917511,0.000672336852086353,0.000643101963425363,0,8.76790525381341e-05,2.92348886412343e-05,9.25640547198948e-06,0,5.13163347266214,0.00408395503055034,140.031370121044
138,5.50255640634265,0.178560600473332,0.00685640260772663,0.0185312915481913,0.00062186419100985,0.000106262492342258,0.00667879633918053,0.0317688476645992,0.00139735243256386,0.000117893826762158,0.000648804165448275,3.56331403471215e-06,8.90828508678037e-07,0.000114330512727445,0.000647913336939597,0.000621864190517593,0,8.94559452627485e-05,2.60491464046154e-05,9.70902450108391e-06,0.00110508589989319,6.48215514720222,0.00412411820493964,140.042019507137
139,5.51067789948719,0.178671640916691,0.00692101787278231,0.0192917601004441,0.000640837664615822,7.80332504174057e-05,0.00663231494125894,0.0317704862784416,0.00139230790881147,0.000117989625820324,0.000670135369958385,3.53777080642102e-06,8.84442701605256e-07,0.000114451855013903,0.00066925092725678,0.000640837664168496,0,8.88183485838249e-05,2.84132630717651e-05,3.57078273576139e-06,0.00263888504845429,7.54750882169906,0.00412643469464284,140.182690864662
140,5.51849679693841,0.178786140433789,0.00695656276217448,0.0200271416895727,0.000657140728402426,5.52623405319542e-05,0.00656452387259788,0.0316078579107768,0.00138185079724632,0.000117367910564714,0.0006889380009622,3.50573567953684e-06,8.7643391988421e-07,0.000113862174885177,0.000688061567042316,0.000657140728024991,0,8.75765458751157e-05,3.09208390027313e-05,1.81300354582763e-06,0.000300761877179609,8.2550924038159,0.0041018887522156,140.318058477529
141,5.52603818988328,0.178903628088342,0.00696870464270861,0.0207347225904815,0.000681475653428603,0.000105864666298565,0.00660566712891246,0.0318036992903019,0.00139010245415868,0.000118016972972378,0.000716426926355175,3.52335138652962e-06,8.80837846632405e-07,0.000114493621585848,0.000715546088508542,0.000681475652486844,0,8.72345957523994e-05,3.40704359835572e-05,1.00781218517131e-05,0.00428438074498243,8.55668524176863,0.00412416453177776,140.448563688362
142,5.5341066057033,0.179025546555195,0.00703031446966202,0.0214249313020442,0.000705139872499998,4.27515612279565e-05,0,0.0319113540255588,0,0.000119400851096384,0.000742857390632706,3.53777080642102e-06,8.84442701605256e-07,0.000115863080289963,0.000741972947931101,0.000705139871518803,0,8.76574856984546e-05,3.6833076371232e-05,1.18866805857594e-06,0,8.43173428205649,0.00413529360415994,140.588126183965
143,5.53408710230654,0.179151784606267,0.00702759956187343,0.020700116106819,0.000683137700770468,0.000100608128412131,0.00662580631358547,0.0318018224031438,0.00139229910568568,0.000119401031735382,0.000717543436473848,3.53468774352904e-06,8.83671935882261e-07,0.000115866343991853,0.000716659764537966,0.00068313770001296,0,8.85408362079388e-05,3.35220644947674e-05,7.87411898435105e-06,0.00152914497287297,7.88875472609266,0.00411799312386446,140.587788904558
144,5.54212586607311,0.179274169944492,0.00708369259293069,0.0213909006043532,0.000699062317636054,0,0.00658004511858734,0.0314207415352885,0.00137922373667169,0.000119362995500728,0.000735843684763023,3.50989082519276e-06,8.77472706298191e-07,0.000115853104675535,0.000734966212056725,0.000699062317195376,0,8.78906121099964e-05,3.59038948431427e-05,0,0.0026315479237704,6.96474973329992,0.00407144105515182,140.726774063798
145,5.54911824201515,0.179399493761225,0.00703847920576752,0.0220516405890679,0.000711431972418948,0.000103292563873592,0,0.0308617423355644,0,0.000117412112830867,0.000751395385214368,3.47857849652338e-06,8.69644624130846e-07,0.000113933534334344,0.000750525740590237,0.000711431972117636,0,8.54762555295792e-05,3.90937684595053e-05,9.50983928040217e-06,0,5.75138689395367,0.00399599798733014,140.847615503955
146,5.54968454556436,0.179527124296923,0.00709628088764268,0.0213197413533077,0.000690039523609009,9.40531581592017e-05,0.0065098236888391,0.0302677825935346,0.00134705148517162,0.000118379104758389,0.000726016988216139,3.47437823410198e-06,8.68594558525495e-07,0.000114904726524287,0.000725148393657614,0.000690039522813246,0,8.7303145833931e-05,3.51088708117249e-05,6.4889261826406e-06,0.000561736472478843,4.27808835095465,0.00391693795725528,140.857400168317
147,5.55743089541456,0.179651005108247,0.00714563105801092,0.0219576623698269,0.000708012609166573,8.66738324653882e-05,0,0.0290019098883923,0,0.000118923654679827,0.000746422396084012,3.47017221443564e-06,8.67543053608911e-07,0.000115453482465392,0.000745554853030403,0.000708012608552961,0,8.71329782899668e-05,3.75422444514815e-05,4.98611183403896e-06,0,2.67212498024426,0.00375532859118835,140.991210597005
148,5.55783739944882,0.179778200285114,0.00718674171936793,0.0212294816919235,0.000686092134286843,7.86879426585295e-05,0.00649368556865336,0.0247631999947303,0.00121466157992426,0.000119538299920411,0.000720792555814403,3.46385252201102e-06,8.65963130502756e-07,0.0001160744473984,0.0007199265926839,0.000686092133477073,0,8.8630762290078e-05,3.38344591744005e-05,3.841694965285e-06,0.00250260035443904,1.04294053155645,0.00320427450174951,140.998230901699
149,5.56473192616684,0.179901544694245,0.00722072828120231,0.0217392363488865,0.000701105324877099,0.000105620200294891,0.00649400682219665,0,0,0.000119995198160668,0.000737773591782836,3.46385252201102e-06,8.65963130502756e-07,0.000116531345638657,0.000736907628652333,0.00070110532446929,0,8.84871327734582e-05,3.58023041662758e-05,1.08777940001308e-05,0.00362461299183599,0,0,141.117274083757
150,5.56532575166589,0.180027674625184,0.0072809292117852,0.0210184433364904,0.000680703415128257,0.000105638766303739,0.00648256217917651,0,0,0.000121144171463421,0.000713740552800849,3.46385252201102e-06,8.65963130502756e-07,0.00011768031894141,0.000712874589670346,0.000680703414464747,0,9.0452182557219e-05,3.21711751798918e-05,1.0888033746181e-05,0.000213219389226736,0,0,141.12752506833
151,5.56592871446456,0.180150220078119,0.00734187461754725,0.0203193495151916,0.000660659255796189,0.0001066982207867,0.00649419102029045,0,0,0.000122305376935204,0.000690408133768947,3.46385252201102e-06,8.65963130502756e-07,0.000118841524413193,0.000689542170638444,0.000660659255235466,0,9.24151543765625e-05,2.88829153825386e-05,1.1499512459814e-05,0.00487864595007056,0,0,141.137933429341
152,5.5665506097364,0.180269237988447,0.00740459062291667,0.019641511838938,0.00064488338670592,0.000113886958786549,0,0,0,0.000124245005617081,0.0006718142685596,3.48486796300804e-06,8.7121699075201e-07,0.000120760137654073,0.000670943051568848,0.000644883386404332,0,9.4964802295638e-05,2.60596651541894e-05,1.69519141579258e-05,0,0,0,141.148668226131
153,5.56724831711868,0.18038549062516,0.00747492580067414,0.0189804847843424,0.000632310064476915,5.43905559595225e-05,0.00660554597510301,0,0,0.000126957480042203,0.000656747622101744,3.52335138652962e-06,8.80837846632405e-07,0.000123434128655673,0.000655866784255111,0.00063231006431199,0,9.81417261394657e-05,2.35567199378349e-05,1.74922722300762e-06,0.0035808499800771,0,0,141.16071119202
154,5.56736962957469,0.180499550186368,0.00748595995930199,0.0183329366586269,0.000615713920066785,1.13222354402873e-05,0.00663943048575408,0,0,0.000127962488296888,0.000638041983056018,3.54187569448086e-06,8.85468923620215e-07,0.000124420612602407,0.000637156514132397,0.000615713919815109,0,9.97920558993863e-05,2.1442594309655e-05,2.32971444638782e-07,0.00167404367940713,0,0,141.162805089112
155,5.56707722338836,0.180610686271984,0.00745452334700283,0.0177029051661532,0.000599929861279957,0.000114990423951107,0.00668414939315564,0,0,0.000128417573914944,0.000620549272895507,3.56534573623335e-06,8.91336434058338e-07,0.000124852228178711,0.000619657936461449,0.000599929861079368,0,0.000100855033809535,1.97280753762786e-05,1.53648010421569e-05,0.00305958938000766,0,0,141.157758027275
156,5.56780253648784,0.180719040015945,0.0075273935363101,0.0170894906596558,0.000577098738189419,9.34327255931339e-05,0.00663475099634662,0,0,0.000128961411576824,0.000595426192133039,3.54187569448086e-06,8.85468923620215e-07,0.000125419535882343,0.000594540723209419,0.000577098737823666,0,0.000102335586511528,1.7441985375898e-05,5.93033688738523e-06,0.000423544479045532,0,0,141.170277101075
157,5.56832734632648,0.180823332745905,0.00757962282887513,0.016499899930865,0.000555287480249638,0.000108223353303058,0.00659975422907252,0,0,0.00012920200812423,0.000571675720291121,3.52025109768087e-06,8.80062774420218e-07,0.000125681757026549,0.000570795657516701,0.000555287479957869,0,0.000103470257947218,1.55081775514822e-05,1.13746602306733e-05,0.00368403400069076,0,0,141.179335117016
158,5.56900622814201,0.180923741678715,0.00764755853654456,0.0159330193825133,0.000538717949508383,9.41171510278265e-05,0.00661324288475564,0.0177826088396658,0.00101634178966655,0.000130763150141511,0.000553450578149101,3.52747943330256e-06,8.8186985832564e-07,0.000127235670708208,0.000552568708290776,0.000538717949363034,0,0.000105686952796001,1.38507589243325e-05,6.16541825937185e-06,0.00338683573987454,0.384675444251949,0.00231114008065912,141.191051951691
159,5.57507253122486,0.18102120854585,0.00770191091789373,0.0163997928735314,0.000562349270940354,0,0.00671645898495544,0.0287376754980281,0.00133332245073665,0.000133630953192895,0.000578307143501833,3.58254253519592e-06,8.95635633798979e-07,0.0001300484106577,0.000577411507868034,0.000562349270622172,0,0.000107554439965885,1.50622372381338e-05,0,0.00332387501346673,1.99063881496234,0.0037364862141209,141.295730162412
160,5.58193113413737,0.1811230056905,0.00766074779668061,0.0171591417827145,0.000586990481296276,0.0001084708709539,0.00672202558040832,0.0307583542597445,0.00137990545146648,0.000132843704028684,0.000605179679584646,3.58556354781807e-06,8.96390886954518e-07,0.000129258140480866,0.000604283288697692,0.0005869904808843,0,0.000105778521408096,1.72928078025354e-05,1.04348029835412e-05,0.00296754669868016,3.61982326365015,0.00399711074065194,141.414036260019
161,5.59009876188716,0.181229323170785,0.00772707884683684,0.017939358828725,0.000605834120146245,0.000101368307689191,0,0.0312572439830447,0,0.000132437345435438,0.000625807274029273,3.54904295105763e-06,8.87260737764408e-07,0.00012888830248438,0.000624920013291508,0.000605834119863834,0,0.000104654937796783,1.90858934198009e-05,7.98910322096661e-06,0,5.16120256249189,0.00405933289759706,141.554861595917
162,5.59068751019599,0.181339118078332,0.00778551792509323,0.0173198605831015,0.000588608515248761,0,0.00667637915447837,0.0317581967133249,0.00139680376974363,0.000134049445992027,0.000606614210553781,3.56128056121597e-06,8.90320140303992e-07,0.000130488165430811,0.000605723890413477,0.000588608515043632,0,0.000106943824910667,1.71153753645016e-05,0,0.00261332557686748,6.50973425952124,0.00412085984814219,141.565010190048
163,5.59789262264225,0.181445855827381,0.00774313529937447,0.0181152593626973,0.000608232735857973,6.92019693608546e-05,0.00661877129272505,0.0317131228270128,0.00138962619581049,0.000131978823179654,0.000628553832286261,3.53057118064308e-06,8.8264279516077e-07,0.000128448251999011,0.0006276711894911,0.000608232735540076,0,0.000104118942696739,1.94384539420548e-05,2.7376600894477e-06,0.00252222702704023,7.57351814813965,0.00411699970839864,141.689181244119
164,5.60573510859038,0.181556217136681,0.00776935586561548,0.0188828080410064,0.000634181282619143,7.62698105663307e-05,0.00663972692582493,0.0319248203907569,0.00139639372728567,0.0001326632831875,0.000656830464396018,3.54187569448086e-06,8.85468923620215e-07,0.000129121407493019,0.000655944995472398,0.000634181281979011,0,0.000103754156443752,2.17637134742252e-05,3.37175501693606e-06,0.0020588279371388,8.28005911432375,0.00414166545422444,141.824278648062
165,5.61367687033784,0.181671356691332,0.00780141395372571,0.0196299835226,0.00065798201888453,8.94527021278708e-05,0.00664603052974847,0.0319947888505,0.00139853379102903,0.000133144918884465,0.000682956910252398,3.54494992945809e-06,8.86237482364523e-07,0.000129599968955007,0.000682070672770033,0.000657982018269335,0,0.000103280688436401,2.40886544812781e-05,5.14297922387021e-06,0.00354177293458858,8.58120755884227,0.00414756429615502,141.961024733261
166,5.62175410790981,0.181790893177382,0.00784554116645845,0.0203543240162209,0.00067431288647476,6.23995970980893e-05,0.00658620577611963,0.0316998243002593,0.00138579467165475,0.000132516701357471,0.000701322844126337,3.51300306930108e-06,8.7825076732527e-07,0.00012900369828817,0.000700444593359011,0.000674312886144471,0,0.00010203118295228,2.61317072036214e-05,2.24983345707467e-06,0.00390305922612539,8.4564407128726,0.00410621381045995,142.100040185176
167,5.62949511998594,0.181913477119295,0.00786196177734621,0.0210485891972529,0.00069678996939608,6.31660438807121e-05,0.00660005308871991,0.031681250509694,0.00138689403758447,0.000132902261524042,0.000726296745763054,3.52025109768087e-06,8.80062774420218e-07,0.000129382010426361,0.000725416682988634,0.000696789968694786,0,0.000101510411903386,2.86267142695492e-05,2.29383170037319e-06,0.0063200824165805,7.9142612307806,0.00410067486345372,142.233209108701
168,5.6372446688352,0.182040232605449,0.00787810679430969,0.0217202840860944,0.000717679158527638,9.35750526488805e-05,0.0066056038363484,0.0315412733877438,0.0013845345499767,0.00013313273919392,0.000749693734649175,3.52335138652962e-06,8.80837846632405e-07,0.00012960938780739,0.000748812896802542,0.000717679157852704,0,0.000100902221702231,3.11337389254193e-05,6.06832277274374e-06,0.00388557277748241,6.9916177482769,0.00407978379715962,142.366466343628
169,5.64527641162037,0.182170879086404,0.00792370715424173,0.0223675570712489,0.000733617575736214,9.01137631591687e-05,0.00657103129462503,0.0310978020692678,0.00137140722307605,0.00013307914344258,0.000767738195475399,3.50573567953684e-06,8.7643391988421e-07,0.000129573407763044,0.000766861761555515,0.000733617575301552,0,0.000100228704881809,3.32441862376883e-05,5.44805780370294e-06,0.00118231622045421,5.77939610973195,0.00401977510178501,142.504514335155
170,5.6532011549327,0.182304522845089,0.00796513463751861,0.0229847366334697,0.000749217859093947,0,0.00654654643684138,0.0304270610826992,0.00135425694332508,0.00013311115084031,0.000785449835825268,3.49218885661624e-06,8.73047214154059e-07,0.000129618961983693,0.000784576788611114,0.000749217858637315,0,9.96502477720617e-05,3.53589299561522e-05,0,0.00200250823857014,4.30825929316653,0.00393035908097736,142.640661796499
171,5.66014315451054,0.182441108649398,0.00791574108855263,0.0235681462027577,0.000763536916628919,3.22577845730602e-05,0.00652709750028643,0.0291260815712183,0.0013233488746549,0.000131758202729122,0.000802582859717404,3.48172487877788e-06,8.70431219694471e-07,0.000128276477850344,0.00080171242849771,0.000763536916203279,0,9.77350013223693e-05,3.81755122772334e-05,8.20333697438125e-07,0.0022969646957673,2.70465230398271,0.00375984824656686,142.759875614829
172,5.66723360318456,0.182580409170963,0.00789815821104312,0.0241052750290624,0.000778172387196667,7.41703394545199e-05,0.00652168869605037,0.0250366011272158,0.00122418779894369,0.000131225687794105,0.000819762853812331,3.47857849652338e-06,8.69644624130846e-07,0.000127747109297582,0.0008188932091882,0.000778172386713397,0,9.66202139614366e-05,4.07208224545894e-05,3.294915802333e-06,0.00403829153490876,1.07785830840754,0.00323044329676678,142.881590546642
173,5.67419309259966,0.182722488203823,0.00792191492663928,0.0245275906549895,0.000790482393410833,9.79629058231115e-05,0.00652174800602496,0,0,0.000131522880192013,0.000833822865327863,3.47857849652338e-06,8.69644624130846e-07,0.00012804430169549,0.000832953220703733,0.000790482393049076,0,9.64250060709117e-05,4.24708276392221e-05,7.5393690567099e-06,0.00444658353663117,0,0,143.001010156018
174,5.67467113836423,0.182866927113628,0.0079688753234626,0.0237126029059714,0.00076560858092841,9.80992342902163e-05,0.00650564636006885,0,0,0.000132165808888459,0.00080471358384443,3.47017221443564e-06,8.67543053608911e-07,0.000128695636674024,0.000803846040790821,0.000765608579618443,0,9.80712938593451e-05,3.82374611194984e-05,7.65629285156836e-06,0.00280857052318039,0,0,143.009211345253
175,5.67516224455787,0.183006931602194,0.00801697187400977,0.0229241484648735,0.000743120379814551,7.0492203688302e-05,0.00650549624929353,0,0,0.000133143789704918,0.000778472027604545,3.47017221443564e-06,8.67543053608911e-07,0.000129673617490482,0.000777604484550936,0.000743120378873325,0,9.99488026145094e-05,3.44841056417147e-05,2.9549415252169e-06,0.00241693381955587,0,0,143.017636365037
176,5.67539043920169,0.183142927782715,0.00803831663516224,0.0221596767304324,0.000723274244807505,3.59349143677529e-05,0.00652654250132801,0,0,0.000134122127441449,0.000755511453706399,3.48172487877788e-06,8.70431219694471e-07,0.000130640402562671,0.000754641022486704,0.000723274244162751,0,0.000101709432995794,3.13667783006371e-05,9.49355443444215e-07,0.00154324037848077,0,0,143.021551008174
177,5.67528505514987,0.183275390345499,0.00802585400439094,0.0214163678537442,0.000708280676998101,7.01419728166986e-05,0,0,0,0.000135455991942515,0.000738076380721589,3.51714719181071e-06,8.79286797952678e-07,0.000131938844750704,0.000737197093923636,0.00070828067667503,0,0.000103607617787679,2.89164172374713e-05,2.83970784160621e-06,0,0,0,143.019743167625
178,5.67552381407087,0.18340520076305,0.00804810228396631,0.020689147449014,0.000691866805526683,8.53839382738182e-05,0.00664538335240591,0,0,0.000137082383174189,0.000719105783217843,3.54494992945809e-06,8.86237482364523e-07,0.00013353743324473,0.000718219545735478,0.000691866805188834,0,0.000105862761150804,2.63527405356355e-05,4.48900706274805e-06,0.00190171646677914,0,0,143.023839009757
179,5.6759196305502,0.183532092733419,0.00808611210928391,0.0199794449979236,0.000672974425957152,7.98961225678906e-05,0.00667234264853803,0,0,0.000138460536749494,0.000697671805873784,3.55924532365243e-06,8.89811330913108e-07,0.000134901291425841,0.000696781994542871,0.000672974425567087,0,0.000107982314540581,2.3807568963821e-05,3.72819701339286e-06,0.00214832608715045,0,0,143.030629008936
180,5.67626845151345,0.183655605138171,0.00811929003153386,0.0192897543485889,0.000650378170722742,8.37215619255975e-05,0.00665903205651331,0,0,0.000138922374871698,0.000672647313081293,3.55210821413734e-06,8.88027053534335e-07,0.000135370266657561,0.000671759286027759,0.00065037817023371,0,0.000109355140028551,2.13811157799369e-05,4.22985745043562e-06,0.00227494914851881,0,0,143.036612702328
181,5.67666511621348,0.183775050734684,0.00815722823561518,0.0186238044045626,0.000627167053199382,8.33695767959362e-05,0.00663193383602976,0,0,0.000139176074578866,0.000647187278301861,3.53777080642102e-06,8.84442701605256e-07,0.000135638303772445,0.000646302835600256,0.000627167052747192,0,0.000110551621837161,1.91357828408095e-05,4.22793815677214e-06,0.00191338990752416,0,0,143.043416967077
182,5.67706860587327,0.183890308391704,0.00819580225269089,0.0179821590942897,0.000609108239722326,0,0.00665288042040722,0.0185759928592665,0.00104556847637343,0.000140444140276988,0.000627241468279752,3.54904295105763e-06,8.87260737764408e-07,0.000136895097325931,0.000626354207541987,0.000609108239484503,0,0.000112530767842675,1.72459680514365e-05,0,0.00168949939617267,0.420559073574895,0.00240700833016633,143.05033814936
183,5.68242220140951,0.184002317493751,0.00815164367278906,0.0184050543923573,0.000625305560985818,0.000111192947307917,0.00667916350796749,0.0286948886651739,0.00132892870005225,0.000140261248933639,0.000644881884094734,3.56636092003014e-06,8.91590230007535e-07,0.000136694888013609,0.000643990293864727,0.00062530556077747,0,0.000111682665663997,1.86847330817093e-05,1.23297905655555e-05,0.00034414410579406,2.02416606275871,0.00372017770520142,143.142155160733
184,5.6904427772053,0.184117375166114,0.00821799250214116,0.0190944086852266,0.000642870402782472,0,0.00663685676087343,0.0304368832121336,0.001364067029136,0.000140252435237421,0.000664024989753918,3.54187569448086e-06,8.85468923620215e-07,0.00013671055954294,0.000663139520830298,0.000642870402504117,0,0.000110995743548104,2.02691183184262e-05,0,0.000638133797264901,3.65096005833388,0.00394476780966086,143.279660638923
185,5.69754910345645,0.184235738777246,0.00817235313194712,0.0198004177008929,0.000663827444937844,0,0,0.0311744345381177,0,0.000139134529168163,0.000687349335837248,3.53777080642102e-06,8.84442701605256e-07,0.000135596758361742,0.000686464893135642,0.000663827444480977,0,0.000109043660747185,2.26374486410745e-05,0,0,5.19007773790617,0.00403725699595822,143.40144044875
186,5.6971075976579,0.184358039516985,0.00812593286515271,0.0191202980081415,0.000639336106219865,7.84183632150684e-05,0.00660002429819808,0.0314162025873963,0.00138125725244335,0.00013783141793223,0.000660858203088369,3.52025109768087e-06,8.80062774420218e-07,0.000134311166834549,0.000659978140313949,0.000639336105659129,0,0.000108737722817288,2.06420346388818e-05,3.65818354470526e-06,0.00591254393832893,6.53663077512494,0.00406619015503854,143.393875858209
187,5.7051032976982,0.18447590626812,0.0081591885586937,0.0198470505917932,0.000662491781655602,0.000101868708059372,0.0066054273066413,0.0316553925863696,0.00138694782855538,0.000138333046015242,0.000686132823754773,3.52335138652962e-06,8.80837846632405e-07,0.000134809694628712,0.00068525198590814,0.000662491781089413,0,0.000108310023588284,2.27602048017806e-05,8.41696240926911e-06,0.00308469114664201,7.59885380578784,0.00410008562102241,143.530842128447
188,5.7133589102604,0.184598120039936,0.00821479784660217,0.0205552012730083,0.000687891555547122,7.653414260805e-05,0.00663477263813037,0.0319195325958646,0.00139587774261308,0.00013978594866381,0.000713689115438307,3.54085010351861e-06,8.85212525879651e-07,0.000136245098560291,0.000712803902912428,0.000687891554786145,0,0.000108729436633021,2.49123481024946e-05,3.40165434549081e-06,0.00061414513934172,8.30435808576175,0.00413123857871417,143.672196407373
189,5.72140431445464,0.184725103527882,0.00824375164344693,0.021245671264097,0.000708572412105687,0.000101744358380986,0.00663096584315297,0.0319356998964898,0.0013957185402007,0.000139981224298621,0.0007365690585275,3.53777080642102e-06,8.84442701605256e-07,0.0001364434534922,0.000735684615825895,0.000708572411539683,0,0.000108100557220413,2.71122042677059e-05,8.22587512093603e-06,0.00112655668561141,8.60506466426741,0.00413019770840586,143.809888728214
190,5.72969678803437,0.184855994640065,0.00829696398404087,0.0219141676330767,0.00072644477437377,7.14438330668672e-05,0.00660740846154607,0.0318020492393661,0.00139026554809203,0.0001401811495939,0.000756419986496736,3.52438400784373e-06,8.81096001960932e-07,0.000136656765586056,0.000755538890494776,0.000726444773904151,0,0.000107598974782877,2.90941165746924e-05,2.94150056271124e-06,0.00325667314464517,8.48048088492075,0.00411003950822567,143.951744817361
191,5.73765423609319,0.184990282311383,0.00831903845868905,0.0225582784670274,0.000744428083090386,8.14825416735475e-05,0.00659381582845859,0.0316583946477341,0.0013857518492429,0.000140103487727509,0.000776614841119107,3.51714719181071e-06,8.79286797952678e-07,0.000136586340535698,0.000775735554321155,0.000744428082564056,0,0.000106809217399334,3.13074717385292e-05,4.04095263896643e-06,0.00315812344327577,7.93909692639984,0.00408852026909343,144.087808141069
192,5.74568482723707,0.185127994272634,0.00835035288244153,0.0231787991837189,0.000765165853091562,2.84588792760924e-05,0,0.0315730630721928,0,0.00014084602230015,0.000799652681314612,3.52644803220077e-06,8.81612008050193e-07,0.000137319574267949,0.000798771069306562,0.000765165852327291,0,0.000106712940409568,3.36052169513625e-05,6.85538592151354e-07,0,7.01780721079858,0.00407487631640792,144.225061062627
193,5.74547876176704,0.185269647892303,0.00832761798089917,0.0223916555720095,0.000743829795094705,6.6554461655656e-05,0.00663246858749326,0.0313745595936698,0.001383868522332,0.00014111168826454,0.000775509872630249,3.53777080642102e-06,8.84442701605256e-07,0.000137573917458119,0.000774625429928644,0.000743829794374939,0,0.000107820725912691,3.07956355286272e-05,2.51673366590538e-06,0.00311502491998205,5.8067147641113,0.00404669158401468,144.221539910031
194,5.75336083434187,0.185407456976532,0.00834390507723535,0.023011074713111,0.000758780808942559,0,0.00659881715318296,0.03066899049826,0.0013650621991783,0.00014053200985538,0.000792587247916519,3.52025109768087e-06,8.80062774420218e-07,0.000137011758757699,0.000791707185142099,0.00075878080855402,0,0.000106660526535786,3.2926376574025e-05,0,0.00159617750454702,4.33772476539411,0.00395877159909366,144.356196457977
195,5.76047110211986,0.185548140596721,0.00829303634621793,0.023595723041404,0.00077349379951253,7.6013668007885e-05,0.00657672746676503,0.0293731751488401,0.00133412082619373,0.000139123648589095,0.000809932972299766,3.50989082519276e-06,8.77472706298191e-07,0.000135613757763902,0.000809055499593468,0.000773493799095934,0,0.000104674005924277,3.55617004817636e-05,3.41743587832119e-06,0.000609262221879728,2.73645790669113,0.00378918561808753,144.47761704806
196,5.7681710276052,0.185691660932983,0.00831771835877564,0.024133665280264,0.000785283007928273,0,0.00654432439092986,0.0252870089284362,0.00123266799152471,0.000138660005332368,0.000823589282428113,3.49114413490889e-06,8.72786033727223e-07,0.000135168861197459,0.000822716496394386,0.000785283007638233,0,0.000103757540976399,3.74334887448596e-05,0,0.00166642882433834,1.11203787820438,0.00326055741254948,144.609053149816
197,5.77454358255927,0.185837481439028,0.00826590837743015,0.0245574823719673,0.000796474404702871,9.14656135334425e-05,0.0065390489233351,0,0,0.000137574176770408,0.00083700747543406,3.48800772360372e-06,8.7200193090093e-07,0.000134086169046804,0.000836135473503159,0.000796474404421991,0,0.000102227192949425,3.9661069069856e-05,5.81329393033291e-06,0.0027089190152348,0,0,144.717788957843
198,5.77495757279563,0.185985496236428,0.00830522070339343,0.0237366104525429,0.000772191645319596,0.00011550758528972,0.0065335975978524,0,0,0.000138299765341159,0.000808860319759017,3.48486796300804e-06,8.7121699075201e-07,0.000134814897378151,0.000807989102768265,0.000772191644148985,0,0.000103927231959347,3.57974585746778e-05,1.90293022181533e-05,0.00493257325695185,0,0,144.72485160627
199,5.77562449486069,0.186129112682773,0.00836954981006571,0.0229416386332214,0.000750625775443469,0,0,0,0,0.000139814123556276,0.00078370508552926,3.49114413490889e-06,8.72786033727223e-07,0.000136322979421367,0.000782832299495533,0.000750625774637126,0,0.000106297948687253,3.22065248295016e-05,0,0,0,0,144.736228916479
200,5.77513894328342,0.186268825992313,0.00831912144051167,0.0221696988347497,0.000728882147637551,0,0.00654557404132532,0,0,0.000139456461806947,0.00075943656608634,3.49844925847768e-06,8.7461231461942e-07,0.000135958012548469,0.000758561953771721,0.000728882146906885,0,0.000106802726907722,2.96798068397158e-05,0,0.000186772019061226,0,0,144.727945724916
201,5.77466324791952,0.18640459401424,0.00826972377381965,0.02142081499712,0.0007105224966987,7.72933128830131e-05,0,0,0,0.000139681696006357,0.00073884650366869,3.52025109768087e-06,8.80062774420218e-07,0.000136161444908676,0.00073796644089427,0.000710522496236946,0,0.000107740545213119,2.74439446421105e-05,3.53156147137574e-06,0,0,0,144.719830458271
202,5.77497377577933,0.186537038671775,0.00829842605660533,0.0206914480726761,0.00069272488983155,2.37505941890721e-05,0.00663847503014732,0,0,0.000141211441338817,0.000718531888669033,3.54187569448086e-06,8.85468923620215e-07,0.000137669565644336,0.000717646419745413,0.000692724889453177,0,0.000109960570198105,2.49215302804738e-05,5.44390067331485e-07,0.00104464894036466,0,0,144.725128024907
203,5.77475142335844,0.186666257521339,0.00827418119635804,0.0199810120801729,0.000677241833227305,9.54920982398084e-05,0.00670523468302471,0,0,0.000142358929799965,0.000701086535111716,3.57648806646418e-06,8.94122016616044e-07,0.000138782441733501,0.0007001924130951,0.00067724183297636,0,0.000111692768505251,2.29505801113155e-05,6.18052563586966e-06,0.00394169593755221,0,0,144.721334729529
204,5.77525821208875,0.186792675719784,0.00832223423481074,0.0192870490899105,0.000658639950847447,0.000113993543092565,0.00673548768152605,0,0,0.000144010781874078,0.000680202582986936,3.59259626045818e-06,8.98149065114544e-07,0.00014041818561362,0.000679304433921822,0.000658639950533387,0,0.000114072587711478,2.0664483379724e-05,1.3748197121179e-05,0.00427441831727836,0,0,144.729980393137
205,5.77595881045922,0.186915704838539,0.0083894009690222,0.0186127413209007,0.000639973778994512,0.000111105697501249,0.00676180579428682,0,0,0.000145916734380489,0.000659373968550055,3.60659197719852e-06,9.01647994299629e-07,0.00014231014240329,0.000658472320555756,0.000639973778721777,0,0.00011671119136326,1.84985418269229e-05,1.150567383308e-05,0.00488073456903475,0,0,144.741931992164
206,5.77663714599924,0.187035325988518,0.00845426100772825,0.0179581043735943,0.000615728941683948,5.2364679945567e-05,0.00672403961718788,0.0193479929620628,0.00107554472181509,0.000146403445235975,0.000633022591452444,3.58656962363416e-06,8.9664240590854e-07,0.00014281687561234,0.000632125949046535,0.000615728941283489,0,0.000118187718128964,1.63970077533908e-05,1.59392451687936e-06,0.00345519285804817,0.455697834735226,0.00250608308655529,144.753503365665
207,5.78277131186611,0.187150489051846,0.0084613856555709,0.0184043264863344,0.000624710560679508,0.000108611426907106,0.00666712803404983,0.0286893113718855,0.00132733398863241,0.000145165523448071,0.000642995289422387,3.55618917696005e-06,8.89047294240012e-07,0.000141609334271111,0.000642106242128147,0.000624710560619175,0,0.000116620911870974,1.73956815074606e-05,1.09727721122306e-05,0.00366994800986097,2.0569646934382,0.00371788534962952,144.858123223113
208,5.79089014913379,0.187267403938793,0.00852450446273679,0.0190928239217829,0.000650404334597298,0.000105593500001045,0,0.0307306663058701,0,0.000146894567523909,0.000670434513135984,3.57648806646418e-06,8.94122016616044e-07,0.000143318079457445,0.000669540391119368,0.000650404334043589,0,0.00011730190631428,1.91360570612398e-05,9.25453384234868e-06,0,3.68138472192496,0.00398068800583611,144.996537724507
209,5.79150886442304,0.187389203470044,0.00858323073624392,0.0184271938045636,0.00063069608981045,0.000101695493439503,0.00671638820337159,0.0315636728962683,0.00139698653603335,0.000148378772443768,0.000648725744707226,3.58355000260045e-06,8.95887500650113e-07,0.000144795222441167,0.000647829857206576,0.000630696089526808,0,0.000119567378977628,1.71337676728123e-05,7.77782667948126e-06,0.000970558270762262,5.21825637973515,0.00408551457223236,145.007083389017
210,5.79995414717442,0.187507389107945,0.00863874468825623,0.0191792530277166,0.000653416276660536,2.53495167459582e-05,0.00670347338738589,0.0318912374387429,0.00140254013835698,0.000148793484843146,0.000673217818464814,3.57547738692337e-06,8.93869346730843e-07,0.000145218007456223,0.000672323949118083,0.000653416276229882,0,0.000119081356578757,1.89076728770544e-05,5.82849957592238e-07,0.00490456397943985,6.56284440318951,0.00413007581101644,145.150992685195
211,5.80765240930842,0.187629909487982,0.0086168292446907,0.0199130602170956,0.000675939869465583,0.000105148468127001,0.00669467041544447,0.0320822132417704,0.00140579099797111,0.000148091181700123,0.000697922618923083,3.57244262291221e-06,8.93110655728051e-07,0.000144518739077211,0.000697029508267354,0.0006759398689773,0,0.000117481144504048,2.10896392765814e-05,9.12172886302398e-06,0.00073175743274824,7.62351734052638,0.00415146921094891,145.282114326044
212,5.81617391002736,0.187756736024509,0.00867379510273636,0.0206264492401687,0.000695192252403967,0.000102851739482083,0.00666509786977373,0.0320471461321358,0.00140171672986314,0.0001481541074862,0.00071896590235523,3.55516958791577e-06,8.88792396978942e-07,0.000144598937898285,0.000718077109958251,0.000695192252000561,0,0.000116791247966869,2.28848579460465e-05,8.43956856305006e-06,0.00315467432525432,8.32799208391118,0.00414423394005209,145.427193193066
213,5.82464658818332,0.18788726305273,0.00872757490274807,0.0213154570921217,0.00071559214607347,0.000109622963158465,0.00665180648763596,0.0320368724567312,0.00140013481368888,0.000148627306686458,0.000741241553237678,3.54904295105763e-06,8.87260737764408e-07,0.0001450782637354,0.000740354292499913,0.000715592145567348,0,0.000116454578093457,2.47621469173366e-05,1.16788410975339e-05,0.00100440800187479,8.62825984378179,0.00413971134686123,145.571373588563
214,5.83317563286465,0.188021713702518,0.00878713429544951,0.0219813831111134,0.000737676161700647,3.68723111281924e-05,0.00666396767347705,0.0320726701791728,0.00140218348744323,0.000149716703307637,0.000765260304413098,3.55516958791577e-06,8.88792396978942e-07,0.000146161533719721,0.000764371512016119,0.000737676161046025,0,0.000116654487505212,2.66953509496534e-05,9.55770624577964e-07,0.0013494567173226,8.50385786851895,0.00414126990800625,145.71644556613
215,5.8409723515238,0.188160412838599,0.00877279688252534,0.022626116967676,0.000754306560783197,8.53778087587273e-05,0.00662376400990023,0.0318670668691488,0.00139405847646442,0.000148698415347558,0.000784089857196803,3.54085010351861e-06,8.85212525879651e-07,0.00014515756524404,0.000783204644670923,0.000754306560367985,0,0.000114985302968434,2.88980842893526e-05,4.50266235245199e-06,0.000172832157652166,7.96326394715285,0.0041117366151443,145.84900204638
216,5.84921563566859,0.188302343472482,0.00880634567036319,0.0232450268343302,0.000771934015695319,3.81851141193787e-05,0.00662586061952941,0.0316486774978913,0.00138905139872934,0.000148840492567306,0.000803695487089456,3.53468774352904e-06,8.83671935882261e-07,0.000145305804823777,0.000802811815153574,0.000771934015183494,0,0.000114428444383298,3.08777999527367e-05,1.01162614500244e-06,0.00157861986951058,7.04331866205089,0.00408118359889379,145.989089420438
217,5.85694855353053,0.188447700456644,0.00879187797408331,0.0238402291390184,0.000792732249464772,0,0.00665145197698355,0.0314683146273338,0.00138792439497455,0.000148999203781637,0.000826957259014324,3.54802033699671e-06,8.87005084249178e-07,0.00014545118344464,0.000826070253930075,0.000792732248685753,0,0.000113741893743203,3.33380052168386e-05,0,0.00244954087748018,5.83334148666264,0.00405533452561072,146.120446280487
218,5.86428239467428,0.188597089026133,0.00873827686946714,0.0244123015612007,0.000815787373154368,7.76447771095852e-05,0.00670301237753013,0.0311303234684514,0.00138608762181348,0.000149088980444249,0.000852941073579856,3.57547738692337e-06,8.93869346730843e-07,0.000145513503057326,0.000852047204233125,0.000815787372110742,0,0.00011288200849094,3.62598320839081e-05,3.43952854456337e-06,0.00266065682818787,4.36648087461062,0.00400965679171131,146.244972990281
219,5.87239202208167,0.188750944149975,0.00876129789784108,0.0249581667109465,0.000832584982406422,0.000100265175536386,0.00670492803241226,0.0299063280887171,0.00135909546362772,0.000149378861634,0.000871846058658729,3.57648806646418e-06,8.94122016616044e-07,0.000145802373567536,0.000870951936642113,0.00083258498180919,0,0.000112498974472979,3.83669548102698e-05,7.40442497872067e-06,0.00271704222870416,2.7675351455949,0.00385032458050158,146.382614476138
220,5.8805779987622,0.188908095351489,0.00880613876371302,0.0254591665804528,0.000836042982973287,9.74083194308754e-05,0.00661082317960135,0.0256557189444461,0.00124803886247878,0.00014790964304332,0.000876519321292845,3.52644803220077e-06,8.81612008050193e-07,0.000144383195011119,0.000875637709284794,0.00083604298294591,0,0.00011094147570129,3.95947263378231e-05,6.9909979179975e-06,0.00208727555411115,1.14546980866514,0.00330125984944062,146.52149027641
221,5.88811169636874,0.189066030639034,0.00884812245771124,0.0258450364177709,0.000846212751268405,0,0.00659909102249837,0,0,0.00014825066984075,0.000887939778580493,3.52025109768087e-06,8.80062774420218e-07,0.000144730418743069,0.000887059715806073,0.000846212751020251,0,0.000110881908773947,4.08469647760614e-05,0,0.00191307715277897,0,0,146.649245576175
222,5.8875665393091,0.189226020724993,0.00879217811171855,0.0249719885081151,0.000818682672479105,0.000108171035285027,0.0065882606367187,0,0,0.000147282310024075,0.000857081452950611,3.51403969503269e-06,8.78509923758173e-07,0.000143768270329043,0.000856202943026853,0.000818682670842683,0,0.000111020963984272,3.75202721223636e-05,1.14561489254095e-05,0.00467425352484217,0,0,146.640002637813
223,5.88814108358626,0.189380936789343,0.00884578770069193,0.0241282311657857,0.000793137252405816,0.000104444541868741,0.00657986368321873,0,0,0.000148222821272101,0.000827737571805217,3.50989082519276e-06,8.77472706298191e-07,0.000144712930446908,0.000826860099098919,0.000793137251170081,0,0.000112987440787591,3.37228478848558e-05,9.60803122675878e-06,0.0022274155806038,0,0,146.649743817928
224,5.88868937474079,0.189531141865206,0.00889668219424511,0.0233117071581046,0.000769745927930339,4.6845787008854e-05,0.00658582811488341,0,0,0.000149422174049518,0.000800996895436765,3.51300306930108e-06,8.7825076732527e-07,0.000145909170980217,0.00080011864466944,0.000769745927024093,0,0.000115119334197272,3.0372717614975e-05,1.37957292424026e-06,0.00250259452947364,0,0,146.659039603337
225,5.88865810498092,0.189677032689872,0.00889086502309088,0.0225201016168633,0.000751089146587996,0.00010068216153122,0.00663281336967176,0,0,0.000150591381196751,0.000779794976183811,3.53777080642102e-06,8.84442701605256e-07,0.00014705361039033,0.000778910533482205,0.000751089146082463,0,0.00011701004472004,2.78213873836516e-05,7.86966876921174e-06,0.00523410001246443,0,0,146.658509459998
226,5.88918608264503,0.189819497050483,0.00893958701145076,0.0217484312854203,0.000734207993980908,0,0.00668903589622308,0,0,0.000152981462484247,0.000760321458479577,3.56940379168273e-06,8.92350947920682e-07,0.000149412058692564,0.000759429107531656,0.000734207993622771,0,0.000120043739076136,2.52211138981753e-05,0,0.000744008829023851,0,0,146.667460602386
227,5.88868710208112,0.189958864042631,0.00888808139788834,0.0209948409573427,0.000713903781511072,1.98045402187554e-05,0.00671362926081165,0,0,0.00015304337866161,0.000738006291509826,3.58656962363416e-06,8.9664240590854e-07,0.000149456809037976,0.000737109649103918,0.000713903781053134,0,0.000120900657965863,2.32058680377068e-05,4.31690335533293e-07,0.000240012839979227,0,0,146.659001072998
228,5.88840006709733,0.190094476394002,0.00885730791669443,0.0202627316507152,0.000696663357098926,0.000106711069495432,0.00678226308074027,0,0,0.000154036966320859,0.000718892458898931,3.61752193372209e-06,9.04380483430522e-07,0.000150419444387137,0.000717988078415501,0.000696663356809925,0,0.00012255291022608,2.1324721597731e-05,9.21639072455422e-06,0.00459390103117727,0,0,146.654134685818
229,5.88901216230532,0.190226908250093,0.00891410907720437,0.0195489151385984,0.000678271057129123,7.28407806124311e-05,0.006824976836047,0,0,0.000156198605394771,0.000698356146900961,3.6401795468892e-06,9.10044886722299e-07,0.000152558425847882,0.000697446102014238,0.000678271056845693,0,0.00012542758368868,1.91750451613563e-05,2.86027216554708e-06,0.00758721985611974,0,0,146.664512048139
230,5.88928261795863,0.190355933656246,0.00893758989555469,0.0188545570690059,0.000661254628380712,4.12613974948058e-05,0.00688063532716762,0.0202154762075486,0.00111402084802465,0.000158107272302192,0.000679547407085166,3.67028017621921e-06,9.17570044054803e-07,0.000154436992125973,0.000678629837041111,0.000661254628171175,0,0.000127986807087706,1.73752088649464e-05,1.07034445958532e-06,0.00241425114077008,0.490081168362524,0.00261377340833145,146.669097199478
231,5.89559998467153,0.190481807398416,0.00893002212444123,0.0192922005347959,0.000675383943782639,9.66780845318302e-05,0.00687938224366612,0.0295361534455894,0.00136803046977338,0.000157804230036915,0.000694862410501586,3.66931730706031e-06,9.17329326765078e-07,0.000154134912729854,0.000693945081174821,0.000675383943625729,0,0.000127119555049381,1.85611375452078e-05,5.9063403603613e-06,0.00468218442272179,2.08902689737825,0.00382124632617001,146.776179126146
232,5.90393852659957,0.190610455752716,0.00897727238492012,0.0199690439753769,0.000701806888439614,4.72270750135002e-06,0.00691557981322428,0.031654355228297,0.00142006581791794,0.000159389692421757,0.000723107251377349,3.69132175531683e-06,9.22830438829208e-07,0.00015569837066644,0.000722184420938519,0.000701806887826656,0,0.000127626095397266,2.03775330959573e-05,8.83066914810506e-08,0.000489730495161233,3.711092234308,0.00409366381186746,146.917464721287
233,5.91162004926148,0.190744227483571,0.00893116857425811,0.0206703279090864,0.000701910498525163,0,0.00670352941873669,0.0315151946465909,0.00139455365036887,0.000153442208140696,0.000724763090800134,3.57648806646418e-06,8.94122016616044e-07,0.000149865720074231,0.000723868968783518,0.000701910498525152,0,0.00012178930013323,2.19584702583652e-05,0,0.00112394901059482,5.24573610702974,0.0040727669705739,147.047561624887
234,5.91911860477343,0.190878112859375,0.00888106785525096,0.0213453723717203,0.000729507378318439,9.46255477949217e-05,0.00676735601914372,0.0321866037839701,0.00141572574391756,0.000153805764690552,0.000754906420328603,3.60957876213984e-06,9.0239469053496e-07,0.000150196185928412,0.000754004025638068,0.000729507377429809,0,0.000121015891154554,2.44966481821836e-05,5.80757766339613e-06,0.00448050681428297,6.58837507173639,0.00415704537060304,147.174507686325
235,5.92770676713881,0.191017359851066,0.00892432313586667,0.0220126670720351,0.000748810968824289,8.28885322513672e-05,0,0.0323287042688842,0,0.000153982195303671,0.000776105933387774,3.6006053142951e-06,9.00151328573775e-07,0.000150381589989376,0.0007752057820592,0.000748810968340102,0,0.000120429151426705,2.63948137043048e-05,3.97477014431816e-06,0,7.64751050179898,0.00417315086869053,147.31983708082
236,5.92805235711775,0.191160395745358,0.00895493307804493,0.0212438331444246,0.000724654371977104,8.31591715869786e-05,0.00667023648910233,0.0324355807472528,0.00141391309310676,0.000154681915865653,0.0007492998237681,3.59960585164715e-06,8.99901462911789e-07,0.000151082310014005,0.000748399922305188,0.000724654371310843,0,0.000122096135407697,2.37455509751909e-05,4.01145635434152e-06,3.37628859217128e-05,8.35096406796282,0.00418401158859494,147.325683767507
237,5.93652590807422,0.191298920961884,0.00898680762422742,0.0219144229730753,0.000740226245928276,0.000104348032254607,0.00669789766442998,0.0322433451049551,0.00140940986681199,0.000153872002010027,0.000766658555506612,3.57244262291221e-06,8.93110655728051e-07,0.000150299559387115,0.000765765444850884,0.000740226245619251,0,0.000120690509672907,2.55391992223579e-05,8.80765394635346e-06,0.0061981195695427,8.65079657220581,0.00416198559337861,147.469005166485
238,5.94519275248098,0.191440525443997,0.00903925284230705,0.0225639379326317,0.000759317179481785,7.49962378429938e-05,0,0.0321730551813314,0,0.000154322530243707,0.000787578278243915,3.56636092003014e-06,8.91590230007535e-07,0.000150756169323677,0.000786686688013908,0.00075931717896953,0,0.000120383482343231,2.73695090284349e-05,3.19174777415713e-06,0,8.52657492486043,0.00415005455003621,147.615528377578
239,5.94545268563193,0.191585889523816,0.00906140802404241,0.0217838590268044,0.000740896961819067,7.93452799972618e-05,0.00673732695779622,0.0323263904051546,0.00141545848119474,0.000156101766683494,0.000766684956590858,3.59359905424371e-06,8.98399763560929e-07,0.000152508167629251,0.000765786556827297,0.000740896961402319,0,0.000122872289324754,2.48895954127453e-05,3.57961435043716e-06,0.00401468135940965,7.98676462590731,0.00416691637678607,147.61992179988
240,5.95390603408968,0.191727834927292,0.00908852302807363,0.0224388935923101,0.00075636194754421,0,0.0066920795028556,0.0319505093010598,0.00140257556496667,0.000155328829680038,0.000783962793120943,3.56940379168273e-06,8.92350947920682e-07,0.000151759425888355,0.000783070442173023,0.000756361947217813,0,0.000121504948114744,2.67084949452221e-05,0,0.0048440102700467,7.06815285514139,0.00412133595002473,147.762767936394
241,5.96146329221493,0.191872850565916,0.00903567443871905,0.0230645720843483,0.000787953145932246,0,0.00680084951313249,0.0321414584593629,0.00141835075150169,0.00015676061436506,0.00081847189190068,3.62740610325793e-06,9.06851525814483e-07,0.000153133208261802,0.000817565040374866,0.000787953144440338,0,0.00012161508299015,2.9611895886473e-05,0,0.0050664656341706,5.85927512585272,0.00414321168028768,147.890416974119
242,5.96910084690762,0.192024037382138,0.00898124771094552,0.0236729278481137,0.000809375741144682,7.0488564456933e-05,0.00682419715663931,0.0316674730416463,0.00141059167708433,0.000156197566813864,0.000842576783421109,3.6401795468892e-06,9.10044886722299e-07,0.000152557387266975,0.000841666738534387,0.000809375740385373,0,0.000120182357899519,3.22909981233363e-05,2.66928657684739e-06,0.00239551888348499,4.3945239707382,0.0040801499424398,148.019369816262
243,5.97742159743121,0.192179456979712,0.0089964336266757,0.0242508443465658,0.000828050040837008,0,0.00682985169621569,0.0304385166376487,0.00138385094463571,0.000156425707525916,0.000863405199841758,3.64311485601412e-06,9.10778714003529e-07,0.000152782592669902,0.000862494421127754,0.000828050040209733,0,0.000119660591260985,3.44443808960815e-05,0,0.00276327955479676,2.79787764708726,0.00391995896783802,148.159797828299
244,5.98485375177875,0.192338591186912,0.00894025295405272,0.0247822091215147,0.000839483607524293,9.27882598335917e-05,0.00679309385216916,0.0263673267395707,0.00128254275100733,0.000154467980328588,0.00087716879562074,3.62345846482975e-06,9.05864616207436e-07,0.000150844521863758,0.000876262931004532,0.000839483607266034,0,0.000117265177652558,3.67793237290838e-05,5.38321971679608e-06,0.00305043884724894,1.17814496327392,0.00339374052560287,148.285176380797
245,5.99266788691279,0.192500056281308,0.00897660669764297,0.0251998802099417,0.000842144215112538,7.6119769263396e-05,0.00671071268618071,0,0,0.000153100000392709,0.000880812154913912,3.57951736577212e-06,8.9487934144303e-07,0.000149520483026937,0.000879917275572469,0.00084214421509759,0,0.000115834714427563,3.77730604743235e-05,3.27469354096678e-06,0.00304211493244751,0,0,148.416945257116
246,5.99290250582807,0.192662169090114,0.00899631811209671,0.0243318418761144,0.000809805498362696,0.000108581594459319,0.00665898468506632,0,0,0.000152494208741536,0.000844589292699505,3.55210821413734e-06,8.88027053534335e-07,0.000148942100527398,0.000843701265645971,0.000809805496397317,0,0.000116549881294015,3.38957691795678e-05,1.10246476908131e-05,0.00218647014106597,0,0,148.420900760783
247,5.99349161440891,0.19281818797397,0.00905001512310691,0.0234980547163399,0.000778769221204511,6.6149298668712e-05,0.00660560813129543,0,0,0.000152430769030187,0.000809862119264496,3.52438400784373e-06,8.81096001960932e-07,0.000148906385022343,0.000808981023262535,0.000778769219610524,0,0.000117755616767774,3.02118035993168e-05,2.50508205849798e-06,0.00101162373512595,0,0,148.430832483558
248,5.99365412342405,0.192968348844052,0.00906266583460712,0.0226970836585435,0.000752344124190064,7.24085804547397e-05,0.0065878604869352,0,0,0.000152414593643695,0.00078050851086181,3.51403969503269e-06,8.78509923758173e-07,0.000148900553948663,0.000779630000938052,0.000752344123170744,0,0.00011880678937533,2.72858777354212e-05,3.04914653223985e-06,0.00273371866984503,0,0,148.43357215198
249,5.99389457813644,0.19311352744746,0.0090827676884658,0.0219240564201169,0.000734661955853564,6.01983320369371e-05,0.00664037325111759,0,0,0.000154177406537668,0.000760416055032996,3.54187569448086e-06,8.85468923620215e-07,0.000150635530843187,0.000759530586109376,0.000734661955456281,0,0.00012124905276877,2.48686306413588e-05,2.07231715746812e-06,0.00412653129839304,0,0,148.437625829321
250,5.99401422473676,0.193255400609236,0.00909123999758239,0.0211699153624912,0.000715458344851508,7.93471293933005e-05,0.00667835279616142,0,0,0.000155424104746361,0.000738989176721473,3.56229751896653e-06,8.90574379741633e-07,0.000151861807227395,0.000738098602341731,0.000715458344442107,0,0.00012324347360424,2.26402578881961e-05,3.65728945333246e-06,0.00279706382045904,0,0,148.439642858043
251,5.99434149953727,0.193393666798289,0.00911957774495182,0.0204361562252632,0.000701174159968843,7.86604611120754e-05,0.00676118620091651,0,0,0.000158058567302413,0.00072271946600359,3.60659197719852e-06,9.01647994299629e-07,0.000154451975325214,0.000721817818009291,0.000701174159773444,0,0.000126405009011368,2.06436582307162e-05,3.47521627180492e-06,0.00230411918521766,0,0,148.445160062995
252,5.99466555423646,0.19352926944015,0.00914754973460713,0.0197176867469931,0.000680727883653099,0.000104417850146203,0.00678530759894341,0,0,0.000159320915979606,0.000700259839740876,3.61950277640452e-06,9.04875694101131e-07,0.000155701413203201,0.000699354964046775,0.000680727883305048,0,0.000128472298014566,1.86270807331451e-05,8.336487210892e-06,0.0021538833114128,0,0,148.450622888661
253,5.99526720797959,0.193661010210161,0.00920204474481538,0.0190207689007422,0.000664983943251351,0,0,0,0,0.000162084031244649,0.000682708908153711,3.6557797314213e-06,9.13944932855325e-07,0.000158428251513227,0.000681794963220856,0.000664983943074459,0,0.000131828893866782,1.6811020142325e-05,0,0,0,0,148.460765153224
254,5.99478073096988,0.193789791672385,0.00915248750605046,0.0183405414048093,0.000646037449108234,9.87085006302902e-05,0.00689191058126293,0.0207849948192813,0.00113279146754263,0.000162311964579994,0.000662358017550601,3.67604575826753e-06,9.19011439566882e-07,0.000158635918821726,0.000661439006111034,0.000646037448883556,0,0.000132794420967066,1.54015572225635e-05,6.30431735498821e-06,0.00408279175864172,0.523698821599111,0.00268739969459845,148.452564483885
255,6.0019255721276,0.19391498713506,0.00920248617128971,0.0188129875797172,0.000663540617067291,8.38007664284593e-05,0.00690954200270493,0.0297109730006731,0.00137510285307189,0.000163477664621292,0.000680890222217182,3.68561027784264e-06,9.21402569460661e-07,0.000159792054343449,0.000679968819647721,0.000663540616859995,0,0.000133250429759866,1.64282027830407e-05,3.85045732643688e-06,0.0028281045669895,2.12034514525005,0.00384427935282531,148.572985584408
256,6.01032047695388,0.194043657605282,0.0092366284365281,0.0195095024116891,0.000687708668637199,0.00011791691298566,0.00692035232299734,0.0316752941327989,0.00142082460893932,0.000164124727815677,0.000706741652509752,3.69132175531683e-06,9.22830438829208e-07,0.00016043340606036,0.000705818822070923,0.000687708668188831,0,0.000132925059522085,1.81101538713973e-05,1.43747451150308e-05,0.00316009286703238,3.74007782906338,0.00409627867282774,148.71441713618
257,6.01933366777107,0.194177103110711,0.00930370106582318,0.0202264676526736,0.000705420716617018,0,0.00686088241436831,0.0322131262100774,0.00142632161954322,0.000163678818418989,0.000725951466953323,3.6596584694768e-06,9.149146173692e-07,0.000160019159949513,0.000725036552335954,0.000705420716342605,0,0.0001318023314079,1.96158359864882e-05,0,0.00280833842738264,5.27251476737207,0.00416287387908653,148.866194954061
258,6.02714067887713,0.194314079661938,0.00925208132219826,0.0209302238883452,0.000725490330905248,0,0.00683701782977613,0.0325100329744496,0.00143015382523387,0.000162000391057753,0.000748145041177999,3.64702126789796e-06,9.11755316974489e-07,0.000158353369789855,0.000747233285861025,0.000725490330500527,0,0.000129333756727781,2.17429553497088e-05,0,0.00238421430179258,6.61322291530214,0.00419791125455163,148.997602648651
259,6.03496817824765,0.194455052647892,0.00919976901665551,0.0216166166571611,0.000740391017682625,8.47658227574634e-05,0.00677465451363268,0.0324442220049344,0.00142200513464873,0.00015940789762355,0.000765123429928666,3.61355429192169e-06,9.03388572980422e-07,0.000155794343331629,0.000764220041355685,0.000740391017426587,0,0.000126178702730205,2.38290239218481e-05,4.17627650636188e-06,0.00356662262218149,7.67083522819713,0.00418702216140391,149.129300655948
260,6.04364043223033,0.194599025422215,0.00923187634790192,0.0222789397346052,0.000754895373941135,0.000105422806969777,0.0067166080892296,0.0322910971115111,0.00141246249082755,0.000158398847623061,0.00078133422357728,3.58254253519592e-06,8.95635633798979e-07,0.000154816305087865,0.000780438587943481,0.000754895373669463,0,0.00012462049023947,2.55432142659948e-05,9.11251344928821e-06,0.00407583266803861,8.37327717472025,0.00416493730678712,149.275148031067
261,6.05247517902746,0.19474592732628,0.00928408964771633,0.0229162386261529,0.000772131931984127,0.000100184814238999,0,0.032219966850961,0,0.000158524781712002,0.000800278730419004,3.56940379168273e-06,8.92350947920682e-07,0.000154955377920319,0.000799386379471083,0.000772131931561457,0,0.000124070100806952,2.72544478966956e-05,7.43920979922214e-06,0,8.67267849705613,0.00415293225543319,149.423659472244
262,6.05299505822678,0.194896296875392,0.00933024422889317,0.0221227945392367,0.000744115520567171,5.5372741394992e-05,0.00665943315700747,0.0320524198069477,0.00140120932489716,0.000158767405882098,0.000769363686293743,3.55210821413734e-06,8.88027053534335e-07,0.000155215297667961,0.000768475659240209,0.000744115519582643,0,0.000125450677248569,2.43601396292833e-05,1.77861379547763e-06,0.00346059408371559,8.54863548987168,0.00412849139665426,149.43239644622
263,6.06125527527788,0.195041322234798,0.00933281239438838,0.0227601023887315,0.00076448947825582,8.9613959430745e-05,0.00666536713304788,0.0319981993739802,0.00140069819992732,0.00015876381686525,0.000791760378946509,3.55516958791577e-06,8.88792396978942e-07,0.000155208647277334,0.00079087158654953,0.000764489477682658,0,0.00012462906837507,2.63821088496634e-05,5.12608192632277e-06,0.00462997876365615,8.00960147911574,0.00412422019512574,149.571183687799
264,6.06987015589852,0.195190429273472,0.00936869386161339,0.0233753842488768,0.000783605488398818,0,0.00666378625285085,0.0318337162953737,0.00139710539542495,0.000159195117332817,0.000812717471948232,3.55516958791577e-06,8.88792396978942e-07,0.000155639947744901,0.000811828679551253,0.000783605487846188,0,0.000124295728423548,2.82231916878729e-05,0,0.00123590867169146,7.09231074182552,0.00410056100056209,149.715865632779
265,6.07751604980575,0.195343381565134,0.00931402353993268,0.0239668559654818,0.000807561811256522,9.71001780444354e-05,0.00671659273981732,0.0317728741826818,0.00140142082588244,0.000159317777450475,0.000839268090778596,3.58254253519592e-06,8.95635633798979e-07,0.000155735234915279,0.000838372455144797,0.000807561810305171,0,0.000123432762822674,3.08106448085949e-05,6.51763609881159e-06,0.00398307283518624,5.88451473807796,0.00409011759756158,149.844219100925
266,6.08620672042271,0.195501133420167,0.00935537377734705,0.0245373835632997,0.000841710208363147,0.000112314450779351,0.00685044633159164,0.0317919018567445,0.00141604713189451,0.00016304054634798,0.000875902664992696,3.6538371374815e-06,9.13459284370374e-07,0.000159386709210499,0.000874989205708326,0.000841710206316744,0,0.000125718301630003,3.32789993228572e-05,1.1365815441426e-05,0.00549904075836753,4.42185063852215,0.00409071916594933,149.990048903365
267,6.0951310810445,0.195665688719914,0.00940991963963398,0.0250868257633604,0.000866616585175849,9.28679365278489e-05,0.00690999026310262,0.0307899744394189,0.00139994021716779,0.0001652516898427,0.000902861968323321,3.68561027784264e-06,9.21402569460661e-07,0.000161566079564858,0.000901940565753861,0.000866616584016311,0,0.000126901416577786,3.53239816976313e-05,5.12036396350053e-06,0.00522486782194824,2.82747930169981,0.00395947218430268,150.139730862853
268,6.10374872847589,0.195835255850908,0.00944359236881426,0.0255939549364568,0.000877394027542212,7.33022730429915e-05,0,0.0267523323168362,0,0.000164698599803804,0.000915185863509716,3.66352855299479e-06,9.15882138248699e-07,0.000161035071250809,0.000914269981371467,0.000877394027308395,0,0.00012593931023235,3.68759540548215e-05,2.85979316809625e-06,0,1.21005449939219,0.00343818682434527,150.284202149324
269,6.10393036012656,0.196007080534774,0.00945725566971962,0.0246895014483939,0.000845275843521361,0,0,0,0,0.000164413929752665,0.00087932100416948,3.64604545373802e-06,9.11511363434504e-07,0.000160767884298927,0.000878409492806046,0.000845275841682679,0,0.000126956851238885,3.31336510620402e-05,0,0,0,0,150.28724642764
270,6.10335160982218,0.196172760585109,0.00939910891631833,0.0238191312910174,0.000801236163038146,5.67136607755025e-05,0.0066972278062468,0,0,0.000160357979388754,0.000831840046250751,3.57244262291221e-06,8.93110655728051e-07,0.000156785536765841,0.000830946935595023,0.000801236159903807,0,0.000124736091441722,2.97107755913327e-05,1.83532376079719e-06,0.00243068927538557,0,0,150.277546051662
271,6.10339899640018,0.196329941295093,0.00940019617403854,0.0229949461934363,0.000770516233564059,0.000109751170319861,0.00665172166464633,0,0,0.000159517431700807,0.000798147386784734,3.54802033699671e-06,8.87005084249178e-07,0.00015596941136381,0.000797260381700484,0.00077051623221551,0,0.000125148762555895,2.6744149444289e-05,1.1776082691086e-05,0.00325878197252498,0,0,150.278340304395
272,6.10402475176971,0.196481216701995,0.00945582079520712,0.0222031505618195,0.000743519614688769,7.5224606733465e-05,0.0066266969331173,0,0,0.000160086280738138,0.000768303562750636,3.53468774352904e-06,8.83671935882261e-07,0.000156551592994608,0.000767419890814753,0.000743519613778315,0,0.00012681080878383,2.39002770106816e-05,3.28055183274625e-06,0.00314588513731598,0,0,150.28882848868
273,6.1042967493102,0.196627304340531,0.00947805826087367,0.0214398487704279,0.000719100287281328,5.66642920133348e-05,0.0066191582640215,0,0,0.000160499122022194,0.000741531719816408,3.53057118064308e-06,8.8264279516077e-07,0.000156968550841551,0.000740649077021247,0.000719100286628225,0,0.000128204539631324,2.15487903756138e-05,1.8705499918883e-06,0.00399526869928043,0,0,150.293387288318
274,6.10438281419517,0.19676869909157,0.00948279184211474,0.0207022935605394,0.000699545899036821,0.000109850518493709,0,0,0,0.000161592043228773,0.000720039380835251,3.54802033699671e-06,8.87005084249178e-07,0.000158044022891776,0.000719152375751002,0.000699545898671099,0,0.000130062187093607,1.96064770706978e-05,1.1837215786767e-05,0,0,0,150.294829760525
275,6.10504233809103,0.196906347828078,0.00954147263761935,0.0199854178045069,0.000680616861885217,0,0.00668440857143603,0,0,0.00016364758836931,0.000699149717646009,3.56636092003014e-06,8.91590230007535e-07,0.000160081227449279,0.000698258127416001,0.000680616861589152,0,0.000132856553111894,1.76412658198855e-05,0,0.00106179520058956,0,0,150.305883355054
276,6.10454007559517,0.197040365608622,0.00949090185988637,0.0192885428137492,0.000665623088890761,7.82056086973824e-05,0.00676165312817396,0,0,0.000164831689030777,0.000682820138032545,3.60659197719852e-06,9.01647994299629e-07,0.000161225097053578,0.000681918490038246,0.000665623088728383,0,0.000134600173576058,1.62954013062293e-05,3.4275696068326e-06,0.00382647142512547,0,0,150.297465490015
277,6.10487544240933,0.197171520225415,0.00951909857235909,0.0186075496374443,0.000644827873530897,9.24596659344224e-05,0.00676830180335373,0,0,0.00016585071728058,0.000660395241615258,3.61355429192169e-06,9.03388572980422e-07,0.000162237162988659,0.000659491853042278,0.000644827873259468,0,0.000136444048183366,1.46639797771179e-05,5.36949070070494e-06,0.000380642953309342,0,0,150.303086226032
278,6.10537128816056,0.197298661917523,0.00956236898428761,0.0179483533109642,0.00063314388316588,5.16878465808561e-05,0.00688115936781984,0.0212628422107006,0.00114684292410159,0.000169428511134497,0.000647390963346763,3.67028017621921e-06,9.17570044054803e-07,0.000165758230958278,0.000646473393302708,0.000633143883092847,0,0.00014043247566979,1.33295102084301e-05,1.50346869723968e-06,0.00446855667297659,0.556540847480634,0.00274870821284374,150.311396402773
279,6.11222637811338,0.197423580358473,0.00956496319240581,0.0184484379407948,0.000653018261754128,5.19490460419701e-05,0.00691494787505867,0.0297901452481697,0.00137748208090344,0.00017015423574209,0.000668417671684924,3.68846858998108e-06,9.22117147495271e-07,0.000166465767152109,0.000667495554537428,0.000653018261522099,0,0.000140345036799777,1.44772930105715e-05,1.50370303854832e-06,0.002971834705004,2.15091218430297,0.00385318229258062,150.426262901239
280,6.12044575338983,0.197552501561748,0.00956682244018784,0.0191584847468467,0.000680819835562316,0.000100786160858113,0.00695799046460303,0.0318512683141048,0.00142861411335224,0.000171006160720668,0.000697956140947128,3.71114744868715e-06,9.27786862171787e-07,0.000167295013271981,0.000697028354084957,0.000680819835043366,0,0.000140062220102968,1.62085190302586e-05,6.56469870292065e-06,0.00677173910686658,3.76833698661058,0.00411784338086511,150.563935676398
281,6.12948160453683,0.197686999223376,0.00961614515593738,0.0198906869099441,0.000707137854593536,0.000106538142781296,0.00697489185820052,0.0327253998852181,0.00144952763137104,0.00017208422384425,0.000725966820553848,3.72049634127196e-06,9.3012408531799e-07,0.000168363727502978,0.00072503669646853,0.000707137854064761,0,0.000140078213568982,1.78988423915861e-05,8.0758508541806e-06,0.00268579701123122,5.29859042704709,0.00422804897706065,150.715216151961
282,6.13869623066038,0.197826791183888,0.00966986952683148,0.0206162912212458,0.000728839525440059,9.7146877462394e-05,0.00695010820509631,0.0330273112411272,0.001453376191418,0.000172202158902628,0.000749300582255139,3.70739112268683e-06,9.26847780671708e-07,0.000168494767779941,0.000748373734474467,0.000728839525031601,0,0.000139341186949282,1.95342094329742e-05,5.79908104153892e-06,0.00222376787754968,6.63738826251011,0.00426377786952013,150.869416414116
283,6.14783006310115,0.197970975168493,0.00971317353052859,0.0213229216509883,0.000735020525244301,8.91469457086207e-05,0.0067913343323952,0.0325249413853133,0.0014255256205225,0.000168789030989353,0.000756743717697552,3.62247029487459e-06,9.05617573718647e-07,0.000165166560694478,0.000755838100123834,0.000735020525206102,0,0.000135765739701665,2.08175749167618e-05,4.77276088232161e-06,0.00340643791986812,7.69349363298087,0.00419567551245707,151.022191738269
284,6.15672075299183,0.198116487898645,0.00974858122906916,0.0219947665861667,0.000748301061484263,3.12639788310701e-05,0,0.0322943100684626,0,0.000167328660787429,0.000771513161089694,3.58254253519592e-06,8.95635633798979e-07,0.000163746118252233,0.000770617525455895,0.000748301061285733,0,0.000133814075878519,2.23164641648916e-05,7.58235459322748e-07,0,8.39493470275845,0.00416279254579545,151.170830601425
285,6.15651502386465,0.198264738676837,0.00972565434172179,0.0212268795356419,0.000720034134980915,0.00010187760076961,0.00668059352922742,0.0321699490649267,0.00140598622455287,0.000166274999594441,0.000741096298999745,3.56331403471215e-06,8.90828508678037e-07,0.000162711685559729,0.000740205470491067,0.000720034134180339,0,0.000133910320518068,2.01713362905844e-05,8.0226983662127e-06,0.00430807405624312,8.69390942212366,0.00414387255845924,151.167391896998
286,6.16544884494939,0.198407496056447,0.00977477342825216,0.0218946395860117,0.000739765801269724,1.55515841061597e-05,0.00666712980563119,0.032090871037384,0.00140285646916903,0.00016657367407883,0.000762417897274817,3.55618917696005e-06,8.89047294240012e-07,0.00016301748490187,0.000761528849980577,0.000739765800837907,0,0.000133426853038805,2.17630491313378e-05,3.30026670701147e-07,0.0036789179500361,8.57004315803086,0.00413680099479455,151.316684428331
287,6.17343563457899,0.198554271136745,0.00973660446291703,0.0225384679965273,0.000758194542547706,8.47681738710981e-05,0.00665403711873089,0.0319487742107472,0.00139841550833019,0.00016539589663746,0.000782811365863735,3.54904295105763e-06,8.87260737764408e-07,0.000161846853686402,0.000781924105125971,0.000758194542124968,0,0.000131519072162065,2.3729562989309e-05,4.38568555868676e-06,0.00636119167409968,8.0317771916793,0.0041155579985544,151.450092713506
288,6.18213718211972,0.198704813901521,0.0097669616647298,0.0231583402022518,0.000780450204641071,0.000100175766578452,0.00667885848845796,0.0318994050975098,0.00140005585288121,0.000166341489024206,0.000806895046453339,3.56229751896653e-06,8.90574379741633e-07,0.000162779191505239,0.000806004472073597,0.000780450203966368,0,0.000131561183595972,2.55542680878367e-05,7.49585424105409e-06,0.00594522375822594,7.11579345914925,0.0041069937251575,151.595377336922
289,6.19100920386299,0.198859893114193,0.00981157838029046,0.0237564259186087,0.000803044216967184,0,0.00671051605367441,0.0317546082126537,0.00140039543368737,0.000167724444409652,0.000831287930062042,3.57951736577212e-06,8.9487934144303e-07,0.00016414492704388,0.000830393050720599,0.000803044216213186,0,0.000132023158667348,2.73488344850127e-05,0,0.0024876632427053,5.90905957660219,0.0040857831581707,151.743441065365
290,6.19880157299828,0.199019586401346,0.00975479564740381,0.0243310699128208,0.000829017269764672,9.67417428465958e-05,0.00678011128327649,0.031503836290109,0.00140236176990324,0.000168305698412959,0.000859769750967643,3.61653076630855e-06,9.04132691577136e-07,0.000164689167646651,0.000858865618276065,0.000829017268678904,0,0.000131528477277824,2.98483495633768e-05,6.22082813538785e-06,0.00306825841695209,4.44845768926191,0.00405095858336052,151.873430776955
291,6.20763927997474,0.199184577075494,0.00979352042733276,0.0248803545692139,0.000866247691472211,8.37364563246762e-05,0.00693751907332996,0.0309441581631992,0.00140634193824997,0.000172781661103211,0.000899453205416859,3.70173887527955e-06,9.25434718819888e-07,0.000169079922227931,0.000898527770698039,0.000866247689126583,0,0.00013443001546278,3.22800814963592e-05,3.80076045874289e-06,0.000856135616476482,2.85633425887818,0.00397728430833625,152.020795346859
292,6.21634557615501,0.199357120255562,0.00981697862200917,0.0253947428256851,0.00088245773237091,0.000109776803481547,0.00693846715319477,0.027115391920094,0.001314650671952,0.000172990047109401,0.000917397528135281,3.70079477558452e-06,9.2519869389613e-07,0.000169289252333817,0.000916472329441385,0.000882457731892458,0,0.000133990943217849,3.40145975331761e-05,9.46253846150952e-06,0.00530614934728373,1.24118986612328,0.00348322201338533,152.165903223037
293,6.22478319684164,0.199533044487835,0.00986569415858386,0.0258001993201136,0.000890952898697656,0.000115225699093413,0.00690216654461604,0,0,0.000172827262649613,0.000926922715239242,3.68179123718705e-06,9.20447809296763e-07,0.000169145471412426,0.000926002267429945,0.000890952898558745,0,0.00013350735551586,3.504936886655e-05,1.2611457087188e-05,0.00231611448065544,0,0,152.306471184429
294,6.22540678685278,0.199710819032207,0.00991945934618368,0.024881834274483,0.000856472893989642,0,0,0,0,0.000172869177085248,0.000888555911934277,3.65675022370281e-06,9.14187555925702e-07,0.000169212426861545,0.000887641724378351,0.000856472891976004,0,0.000134953511879513,3.11688323391139e-05,0,0,0,0,152.31685757226
295,6.22480430581694,0.199881865935345,0.00985955258173696,0.0240000196950451,0.000809234950657309,0.000103799635594877,0.00669774568223348,0,0,0.00016813473351476,0.00083796527501076,3.57244262291221e-06,8.93110655728051e-07,0.000164562290891847,0.000837072164355032,0.000809234947225838,0,0.000132192894233016,2.78372170263833e-05,8.60209531249259e-06,0.00458564608343556,0,0,152.306822776641
296,6.22535058116359,0.200043617327262,0.0099062123940798,0.0231676862606044,0.000779139733425417,8.98090470548203e-05,0.00665959764267927,0,0,0.000168221367889539,0.000804890420606813,3.55210821413734e-06,8.88027053534335e-07,0.000164669259675401,0.000804002393553279,0.000779139732206624,0,0.000133503670844867,2.48626613123729e-05,5.17392696973143e-06,0.0044011568816267,0,0,152.315921435404
297,6.22576063013905,0.20019947925794,0.00994023505332149,0.0223671213702815,0.00075370687561558,9.05329689113608e-05,0.0066538056898768,0,0,0.000168899581905214,0.000776960490441454,3.54904295105763e-06,8.87260737764408e-07,0.000165350538954156,0.00077607322970369,0.000753706874854949,0,0.000135202264258629,2.23663548286283e-05,5.31844318948037e-06,0.00409563666428209,0,0,152.322750966036
298,6.22619033275521,0.200350370981952,0.00997605845465548,0.0215934323460213,0.000730854863125846,0.000107664061611325,0.0066653111383738,0,0,0.000170041847048945,0.00075190147418971,3.55516958791577e-06,8.88792396978942e-07,0.000166486677461029,0.000751012681792731,0.000730854862591029,0,0.000137252483176943,2.01578191884229e-05,1.04916107585354e-05,0.00421962650181263,0,0,152.329907681862
299,6.22681547207971,0.200496798024913,0.0100299168532407,0.0208438912440595,0.000714186318595142,0.000101404639101684,0.00672975426278226,0,0,0.000172852968533729,0.000733322782143463,3.58958505192035e-06,8.97396262980087e-07,0.000169263383481808,0.000732425385880483,0.00071418631835042,0,0.000140695930853026,1.82390675243803e-05,7.63478759449523e-06,0.00375068387501931,0,0,152.340319123017
300,6.22737798298782,0.200639990094984,0.0100779316321831,0.0201120972007352,0.000690811217929615,8.7953371412825e-05,0.00672985699600688,0,0,0.000173916015275776,0.000708047171973847,3.58958505192035e-06,8.97396262980087e-07,0.000170326430223856,0.000707149775710867,0.00069081121751146,0,0.000142693981711654,1.63385581903277e-05,4.71285810820876e-06,0.00437731113675509,0,0,152.349687228138
301,6.22780488173402,0.200778594450907,0.0101134316236356,0.0194048610687703,0.000671195318475584,7.91785686764061e-05,0.00676134252960095,0,0,0.000175587018689222,0.000686829710338286,3.60659197719852e-06,9.01647994299629e-07,0.000171980426712024,0.000685928062343987,0.000671195318220935,0,0.000145132614103021,1.47327441178765e-05,3.53043083158752e-06,0.00265821065681284,0,0,152.356796656316
302,6.22814409282213,0.200913356103553,0.010140854438356,0.0187182663762331,0.000654857695028458,7.92045806521153e-05,0.00682486767417727,0.0216019488501021,0.0011530661485471,0.000177931837928477,0.000669120703236621,3.6401795468892e-06,9.10044886722299e-07,0.000174291658381588,0.000668210658349899,0.000654857694876379,0,0.000148097350661272,1.33529634706259e-05,3.45556743487248e-06,0.0058210775662803,0.588597604048525,0.0027875761198497,152.362445652789
303,6.23544314230002,0.201044925760831,0.0101687739801117,0.0192019716878931,0.000679807386387522,8.94653207855113e-05,0.0069149649463732,0.0298466507394827,0.00137879966558107,0.000180623209261142,0.000695205051804535,3.68846858998108e-06,9.22117147495271e-07,0.000176934740671161,0.00069428293465704,0.000679807386006151,0,0.000149742445413628,1.44755486433451e-05,4.57836222148133e-06,0.00302736954544962,2.18072103443226,0.00385380787130105,152.48397539632
304,6.24420636208297,0.201181597586359,0.0102054714848461,0.019885540653262,0.000706298636735468,4.48693899420302e-05,0.00695077264374628,0.0318412517533389,0.00142764823857995,0.000181970261088274,0.000723189638148709,3.70739112268683e-06,9.26847780671708e-07,0.000178262869965587,0.000722262790368037,0.000706298636250901,0,0.000150010924739666,1.59641541070293e-05,1.19133520607628e-06,0.00474689338879794,3.79586542718716,0.00410933032388988,152.629823708571
305,6.25277221566041,0.201323691874471,0.0101961723353686,0.0205903218621354,0.000735257924704538,0.000114190544847846,0.00700039726878349,0.0328574767270555,0.00145519572123442,0.000182933414553398,0.000753976824691751,3.7353278292772e-06,9.338319573193e-07,0.000179198086724121,0.000753042992734432,0.000735257924049034,0,0.000149787770053352,1.77850686708805e-05,1.10289606963802e-05,0.000837766155718705,5.3239613610993,0.00423752075878778,152.772324064369
306,6.26225033488693,0.201471716714352,0.0102547416421998,0.0212924081231605,0.000755695615571979,0.000105252452763142,0,0.0331361731637926,0,0.000182966384318187,0.000775894203093613,3.7195641673593e-06,9.29891041839824e-07,0.000179246820150827,0.000774964312051773,0.000755695615203712,0,0.000149018995701197,1.92686968395184e-05,7.68687936458955e-06,0,6.6608716235705,0.00427074677432383,152.929928130529
307,6.26282681903964,0.201623968007335,0.010303395343478,0.0205177651677588,0.000722650799169715,0.000106242322484858,0.00690248590839844,0.0330387382080782,0.00144846612815889,0.000182228996149754,0.00074059409978994,3.68179123718705e-06,9.20447809296763e-07,0.000178547204912567,0.000739673651980644,0.00072265079832385,0,0.000149641173361355,1.70228536384915e-05,8.34586228409581e-06,0.00316387844520218,7.71548798956201,0.00425495701336478,152.939511566716
308,6.27219879458466,0.201769671728947,0.0103546399689592,0.0212261305850067,0.000728908123360006,9.45403577727136e-05,0.00673907246386434,0.0324193002089202,0.00141778622769489,0.00017866014722357,0.000747948088786367,3.59660459438851e-06,8.99151148597127e-07,0.000175063542629182,0.000747048937637769,0.000728908123325238,0,0.000145907217711357,1.81408143117412e-05,5.8600875566665e-06,0.000590997582322471,8.41594009656746,0.004177814108447,153.095271215126
309,6.28126568986328,0.201916743281718,0.0103942890942608,0.0218968235577849,0.00074486204408716,9.46616255203178e-05,0,0.0322257114825011,0,0.000177764762985345,0.000765275937327698,3.56940379168273e-06,8.92350947920682e-07,0.000174195359193662,0.000764383586379777,0.000744862043833444,0,0.000144400877547751,1.95215425403038e-05,6.0384772818442e-06,0,8.71449329104627,0.00414968397883107,153.245889812939
310,6.28173969829452,0.202067143399854,0.0104334044351671,0.0211328068959892,0.000717786160464158,9.24010883037895e-05,0.00666504823892996,0.0320849170449869,0.00140251189101545,0.000177973657111545,0.00073613828688952,3.55516958791577e-06,8.88792396978942e-07,0.00017441848752363,0.000735249494492541,0.000717786159821906,0,0.000145707041415088,1.7463334656335e-05,5.64553527090506e-06,0.00297966339602801,8.59080166617719,0.00412866314122936,153.253762096164
311,6.29071019168888,0.202212184398871,0.0104714792503229,0.0217997286649842,0.000736951097453072,0.000108501543914821,0.00664608078933973,0.0319167809374321,0.00139688732419162,0.000177887379855376,0.000756724131618012,3.54494992945809e-06,8.86237482364523e-07,0.000174342429925918,0.000755837894135647,0.000736951097095171,0,0.000144864386195706,1.88867970321354e-05,1.11014565355809e-05,0.00379597962582596,8.05329460178497,0.00410966534897372,153.402707392396
312,6.29982029049313,0.202361204890082,0.010524754393833,0.0224408246409228,0.00075820075703083,7.32231202043239e-05,0.00665385526977427,0.0317905532767709,0.0013950460657107,0.000178784149994227,0.000779419854373313,3.54904295105763e-06,8.87260737764408e-07,0.000175235107043169,0.000778532593635549,0.000758200756545647,0,0.00014490707698397,2.03318370781382e-05,3.05779289882609e-06,0.0044339565717776,7.13860231603552,0.00409058721141473,153.553901299926
313,6.30852936594156,0.202514635308824,0.0105416298565797,0.0230577348553994,0.000779862946543252,0,0.00665480100767171,0.0315911711890322,0.00139168735814857,0.00017938020708513,0.000802699475995598,3.55924532365243e-06,8.89811330913108e-07,0.000175820961761478,0.000801809664664685,0.000779862945988796,0,0.000144626444146827,2.19467186618703e-05,0,0.000141712311678171,5.93290908042351,0.00406213143697449,153.698374455357
314,6.31641245424308,0.202672568969034,0.0104841924227054,0.0236484929113031,0.000799052770034942,0.000101996834929598,0.00667946181336294,0.0310852039410585,0.0013826504018857,0.000178414926807381,0.00082377367266945,3.56331403471215e-06,8.90828508678037e-07,0.000174851612772669,0.000822882844160772,0.000799052769553144,0,0.000142889502179192,2.38300745948237e-05,8.06236850853437e-06,0.00152498978242359,4.47434215242126,0.00399466675937101,153.829090575455
315,6.32535570612596,0.202834515046679,0.0105279974597919,0.0242099203138868,0.00082803803544306,0.000106219792770423,0.0067730961400376,0.0303090128110164,0.00137511847987044,0.000181447590036037,0.000854551438850108,3.61256114644814e-06,9.03140286612036e-07,0.000177835028889589,0.000853648298563496,0.000828038034270427,0,0.000144713507967819,2.56102642609155e-05,9.0782267395853e-06,0.00594118794252743,2.88443692158255,0.00389316812959946,153.977323115024
316,6.33428943000387,0.203002469740038,0.0105742942373636,0.024733489857887,0.000858684037522191,0,0.00688457136167275,0.0270918257637334,0.00130917976760858,0.000185074863311393,0.000887026013142064,3.67220425681886e-06,9.18051064204715e-07,0.000181402659054574,0.000886107962077859,0.000858684036137221,0,0.000147055298129115,2.74239259016073e-05,0,0.00339300289648311,1.27154280194642,0.00347788032504059,154.125330939624
317,6.3416446291193,0.203176784720381,0.0105124891646987,0.0251590868927318,0.000875825961702326,0.000109005646369794,0.00691395578858366,0,0,0.000184667819311549,0.000905950035640115,3.68846858998108e-06,9.22117147495271e-07,0.000180979350721568,0.00090502791849262,0.000875825961237785,0,0.000145946312441907,2.92019572412596e-05,9.29703896656039e-06,0.00143829673237404,0,0,154.247136829655
318,6.34220826783766,0.203354732223255,0.0105589715620221,0.0242573836371354,0.000845569383443354,7.45961476097149e-05,0.00690284063632846,0,0,0.000185451301244227,0.000872594922965347,3.68179123718705e-06,9.20447809296763e-07,0.00018176951000704,0.000871674475156051,0.000845569382177137,0,0.000147946735205385,2.61050929442458e-05,2.93819695829373e-06,0.00533106432044829,0,0,154.256469116328
319,6.34240829622244,0.203526682758801,0.0105723401269989,0.0233877719968939,0.000805905089992599,8.4209988183582e-05,0.00680409635066111,0,0,0.00018333473073267,0.000829982064028896,3.62937688342127e-06,9.07344220855318e-07,0.000179705353849249,0.000829074719808041,0.000805905088065196,0,0.000147469151098379,2.31696316932027e-05,4.05701092503898e-06,0.00276222738965392,0,0,154.259780965367
320,6.34273596585903,0.203690705948385,0.0105974173177169,0.022559794276893,0.000768090127160887,0.000102268816968083,0.00670040332549718,0,0,0.000181367910535658,0.000789520393365685,3.57648806646418e-06,8.94122016616044e-07,0.000177791422469194,0.000788626271349069,0.000768090125612026,0,0.000147067818092735,2.0536145699581e-05,8.02750933684472e-06,0.000486258891210663,0,0,154.265206085204
321,6.34328326819895,0.203847158768619,0.0106425394888177,0.0217714284594021,0.000735960635094093,8.75545770737468e-05,0.00662967580814104,0,0,0.000180640269125022,0.000755094017670034,3.54187569448086e-06,8.85468923620215e-07,0.000177098393430541,0.000754208548746413,0.000735960634112946,0,0.000147659968495531,1.82479146112504e-05,4.83558512172362e-06,0.000233827924809212,0,0,154.274267392895
322,6.34368525309906,0.203997182253048,0.0106745152782912,0.0210167346505663,0.000711909197510999,0.000110922868216967,0.00663804855830374,0,0,0.00018138500679703,0.000729209063462585,3.54085010351861e-06,8.85212525879651e-07,0.000177844156693511,0.000728323850936706,0.000711909197031991,0,0.000149367789031195,1.64146538945413e-05,1.26861720684679e-05,0.00253994213377256,0,0,154.280922620883
323,6.34435575058851,0.204142409723361,0.0107308848642336,0.0202873367689094,0.000692955651786991,0.000107227496811107,0.00667864322951168,0,0,0.000183696995192578,0.000708637069458174,3.56229751896653e-06,8.90574379741633e-07,0.000180134697673612,0.000707746495078432,0.000692955651530558,0,0.000152416471735082,1.47908435427893e-05,1.01700443232264e-05,0.00401953464815466,0,0,154.292023020999
324,6.34499227048313,0.204283871359948,0.0107841541630983,0.019577953233966,0.000674170980665891,0,0.00671839119204538,0,0,0.000185957414490926,0.000688386855480672,3.58355000260045e-06,8.95887500650113e-07,0.000182373864488326,0.000687490967980022,0.000674170980448817,0,0.000155407025379049,1.33199875271894e-05,0,0.00351259578926633,0,0,154.302560559566
325,6.34445177536274,0.204421593617837,0.0107307927076608,0.0188883554793286,0.000658072827887801,9.76095579481479e-05,0.00678580117259347,0,0,0.000187139026811801,0.000671234637350452,3.61950277640452e-06,9.04875694101131e-07,0.000183519524035396,0.000670329761656351,0.000658072827748791,0,0.000157196610997473,1.22569339051215e-05,6.40116467233695e-06,0.00354103461260951,0,0,154.29361272547
326,6.34499495925052,0.20455611791403,0.0107756785455922,0.0182157221689884,0.000636563599275085,9.58764150685032e-05,0.00676430235797618,0.021944026890412,0.00115961916151426,0.000188366713357047,0.000648443660983667,3.62345846482975e-06,9.05864616207436e-07,0.000184743254892217,0.00064753779636746,0.000636563599060452,0,0.000159280711046106,1.09741973034987e-05,5.9917850104771e-06,9.11561524253425e-05,0.619859753209769,0.00283005379253411,154.30260507119
327,6.35264868463405,0.204686330892703,0.0108196814825256,0.0187251789814248,0.000659574137428078,6.22687762532879e-05,0.00685557681803316,0.0296778471429265,0.00136899014215519,0.000190687981175513,0.000672382380254956,3.65675022370281e-06,9.14187555925702e-07,0.00018703123095181,0.00067146819269903,0.000659574137161347,0,0.000160648265606183,1.189405553314e-05,2.07952548071317e-06,0.00330448402624967,2.20976498404848,0.00382956940359661,154.429285482826
328,6.36120886858265,0.204821336702845,0.0108287093345678,0.01942014074953,0.000684598866714554,0.000118256944587713,0.00687383812880084,0.0315369831081729,0.00141291496798578,0.000191099952242877,0.000698729965777147,3.66642539651482e-06,9.16606349128705e-07,0.000187433526846362,0.000697813359428018,0.000684598866354043,0,0.000160049572375159,1.32144930674439e-05,1.53708142799137e-05,0.00387537040964396,3.82265910368462,0.00406724650233865,154.570911405282
329,6.37065254251631,0.204961557157831,0.0108924976199119,0.0201329237891508,0.000712198845425556,0,0,0.0324559155611807,0,0.000192969881405487,0.000727682462840437,3.68561027784264e-06,9.21402569460661e-07,0.000189284271127644,0.000726761060270976,0.000712198844931063,0,0.000160796317573052,1.45622153304769e-05,0,0,5.34862604329854,0.00418298793819348,154.727083858719
330,6.37008416952015,0.205107530542195,0.0108364868000934,0.0194040086750301,0.000690666326870996,2.30982310398474e-05,0.00694032076826484,0.032990811974024,0.00145150806821276,0.000193084825617197,0.000704884036828062,3.70173887527955e-06,9.25434718819888e-07,0.000189383086741918,0.000703958602109243,0.000690666326606225,0,0.000161756433812272,1.32922754982337e-05,4.99024250416074e-07,0.00631479480780323,6.68367367773516,0.00424864732735917,154.717686620269
331,6.37871877943361,0.205249191406928,0.0108045965994127,0.020149194058965,0.000720347901578181,0.000110184765393764,0.00698560569406505,0.0334229139123186,0.00146561389383622,0.000193510703813702,0.000736259973937567,3.72607659623311e-06,9.31519149058278e-07,0.000189784627217469,0.000735328454788508,0.000720347901002779,0,0.000160970711456912,1.49805537745823e-05,9.324067160944e-06,0.00354633534635589,7.73682071697815,0.00430765174990366,154.860418764957
332,6.38839785880947,0.205397042231259,0.0108583612328162,0.0208775160476019,0.000729588443051879,0,0.00684092387453211,0.0328759877890745,0.00143834508177488,0.000190187108295374,0.000746582576839534,3.64897131245823e-06,9.12242828114558e-07,0.000186538136982916,0.000745670334011419,0.000729588442987194,0,0.000157354599293796,1.60818910229047e-05,0,0.00304943583277124,8.43629693071087,0.00423447459328595,155.020342928922
333,6.39669275947725,0.205546897539508,0.0108018711290193,0.02156852026003,0.000739843911123918,0,0.00672873001920953,0.0324038904574862,0.00141621168323682,0.000185879477058707,0.000758263040697795,3.58958505192035e-06,8.97396262980087e-07,0.000182289892006786,0.000757365644434815,0.000739843911031594,0,0.000152696135607061,1.75217334012122e-05,0,0.00154510012017528,8.73443417090654,0.00417038468733542,155.157335228773
334,6.40485736285384,0.205698970160103,0.0107454264754234,0.0222262811242437,0.00076012208539885,1.39659905652926e-05,0.00672246846911288,0.0323604714011496,0.00141464056205107,0.000184528264775379,0.000780266359708949,3.58656962363416e-06,8.9664240590854e-07,0.000180941695151745,0.00077936971730304,0.000760122084991565,0,0.000150536811928153,1.92476323020789e-05,2.89677832402309e-07,0.0011444568304534,8.6109148773409,0.00416247326010757,155.292120261851
335,6.41316541841313,0.205855326490266,0.0107021794959677,0.0228610835084989,0.000777125302858417,7.24413579525413e-05,0,0.0321577444518437,0,0.000182847676318323,0.000798933164558186,3.57244262291221e-06,8.93110655728051e-07,0.000179275233695411,0.000798040053902458,0.000777125302536825,0,0.000148190221727962,2.09147513578086e-05,2.94356257178851e-06,0,8.07415668574518,0.0041342641113089,155.42921717218
336,6.4133809685888,0.206015301873209,0.010716827442675,0.0220632076937175,0.000748424750351868,4.42974905659374e-05,0.0066659360731124,0.0318561034594919,0.00139780336505096,0.000182534589527453,0.000768096752593211,3.55618917696005e-06,8.89047294240012e-07,0.000178978400350493,0.000767207705298971,0.000748424749542487,0,0.000149041410720563,1.87829557379592e-05,1.2434787712447e-06,0.00138972563984397,7.16073877984177,0.00409335754968586,155.43277335822
337,6.42194317482969,0.206169488824082,0.0107047068744586,0.0226933063156293,0.000765881989564955,9.78608635620651e-05,0.00664580072748799,0.0314775094567007,0.00138751127284902,0.000181539707045733,0.000787085951312533,3.54494992945809e-06,8.86237482364523e-07,0.000177994757116275,0.000786199713830169,0.000765881989232718,0,0.000147359477686632,2.03177245894688e-05,6.9751629755095e-06,0.00271149198193186,5.95606286309538,0.00404760114262864,155.574003350316
338,6.43103773683801,0.206327390322371,0.0107454530186942,0.0232946371947055,0.000784210194838982,0,0.00663714328545709,0.0309230485120296,0.00137473916989841,0.000181868600379571,0.000806799200552308,3.54187569448086e-06,8.85468923620215e-07,0.00017832672468509,0.000805913731628688,0.000784210194437676,0,0.000146958317072032,2.17035371810073e-05,0,0.000685364709372681,4.4995012671402,0.00397404444518047,155.72394850351
339,6.43895997427803,0.206489194365336,0.0106874202098741,0.0238638424555414,0.000804063600576484,0.000114253990388747,0.00665781177990609,0.0298833608092266,0.00135382522092895,0.000181220999776397,0.000828481460479201,3.55210821413734e-06,8.88027053534335e-07,0.00017766889156226,0.000827593433425667,0.000804063600058449,0,0.000145506347765133,2.35298333536668e-05,1.50730320005718e-05,0.00111375544864734,2.91178194073273,0.00383800646236592,155.854509977048
340,6.44802476624776,0.206655224810437,0.0107428155479002,0.024391175018921,0.000840150968503874,0.000100390822379985,0,0.0270124591956085,0,0.000186292685179176,0.000866433908741784,3.63625852019896e-06,9.09064630049739e-07,0.000182656426658977,0.000865524844111734,0.000840150966710389,0,0.000149050388687509,2.53738773531369e-05,6.97761817664139e-06,0,1.30110533213743,0.00346780588793901,156.003838285146
341,6.44851853552104,0.206828846397708,0.0107820334480327,0.023527085330482,0.000818582466450565,9.28297019463873e-05,0.00685932966650206,0,0,0.000188623337921059,0.000842435190961572,3.66256184707512e-06,9.15640461768779e-07,0.000184960776073984,0.000841519550499804,0.000818582465893274,0,0.000152217477664922,2.29370845924859e-05,5.21323434150217e-06,0.000344093528827064,0,0,156.011970438187
342,6.44893619857959,0.206998152864926,0.0108144095584233,0.0226860346561154,0.000792896173602082,0,0.00687929715521563,0,0,0.000189832796513883,0.000814434925179727,3.66931730706031e-06,9.17329326765078e-07,0.000186163479206823,0.000813517595852962,0.000792896172916104,0,0.000154447632582022,2.06214229206567e-05,0,0.00408997796545458,0,0,156.018849001643
343,6.44832693645729,0.207162280908275,0.0107550049272746,0.0218721713414912,0.000766301411219063,0.000106874579385189,0,0,0,0.000189127831133819,0.000786009292456916,3.67028017621921e-06,9.17570044054803e-07,0.0001854575509576,0.000785091722412861,0.000766301410571412,0,0.000154805494820159,1.87903118269248e-05,8.68590359860569e-06,0,0,0,156.008814913252
344,6.4489272170805,0.207321029656486,0.0108038350454106,0.0210863126539131,0.000730350694650449,9.14642204428014e-05,0.00678530579280403,0,0,0.000187631965761557,0.00074781926783741,3.61950277640452e-06,9.04875694101131e-07,0.000184012462985152,0.000746914392143308,0.000730350693610774,0,0.000154798435720674,1.65636985107724e-05,5.1654700030812e-06,0.00215079994824145,0,0,156.018701085313
345,6.44937460850893,0.207472446714512,0.0108390953038102,0.020338000311641,0.000699591305941778,7.20363724637866e-05,0.00672219800376071,0,0,0.000186792912634596,0.000715208252380343,3.58656962363416e-06,8.9664240590854e-07,0.000183206343010962,0.000714311609974434,0.000699591305275402,0,0.000155222691121481,1.47203046859862e-05,2.88330074513124e-06,0.00102627388651366,0,0,156.026069095818
346,6.44962037603252,0.207617592634456,0.0108564562488099,0.0196218120452798,0.000674240563607406,8.53662654742662e-05,0.00670280387417426,0,0,0.000186765205704059,0.000688343630583172,3.57547738692337e-06,8.93869346730843e-07,0.000183189728317136,0.000687449761236441,0.000674240563212142,0,0.000156220105987517,1.32091980170408e-05,4.38098011920529e-06,0.00220445942840239,0,0,156.030116528363
347,6.45002800297456,0.207757576837128,0.0108883355407889,0.0189321268712995,0.000656218638986956,5.66761309218862e-05,0.00674863297707771,0,0,0.000188823452809834,0.000669058332002659,3.59960585164715e-06,8.99901462911789e-07,0.000185223846958187,0.000668158430539748,0.000656218638814708,0,0.000158975101496072,1.19397917220812e-05,1.8093727049037e-06,0.00429852820394108,0,0,156.03682944082
348,6.45011986583955,0.20789391123144,0.010892120681518,0.0182613907373181,0.000629847579721352,0,0.00670217557705878,0,0,0.000187862279922615,0.000641430003273504,3.57547738692337e-06,8.93869346730843e-07,0.000184286802535691,0.000640536133926773,0.00062984757939735,0,0.000159092899536975,1.06885545242015e-05,0,0.00145342162536711,0,0,156.038342245014
349,6.44958875474085,0.208024852708267,0.0108405816353294,0.0176180785403582,0.000610472677065849,9.91712428147693e-05,0.00672314091009858,0,0,0.000187784624994237,0.000621129297474249,3.58656962363416e-06,8.9664240590854e-07,0.000184198055370603,0.00062023265506834,0.000610472676912552,0,0.000159779148380855,9.759978153449e-06,7.01846506316045e-06,0.00160348309588586,0,0,156.029595774584
350,6.45018100198195,0.208151846196997,0.0108891516078008,0.0169949778676507,0.000607742005595691,0.000117120856887487,0.00692623794663297,0.0226019324387375,0.00119046292683174,0.000194565701427037,0.000617655910963314,3.69511792125079e-06,9.23779480312698e-07,0.000190870583505786,0.000616732131483001,0.000607742005593141,0,0.000166560903283569,8.99012588982413e-06,1.36529540520461e-05,0.00131417957531855,0.650318259359836,0.00291778849390036,156.039349035543
351,6.45840669549758,0.208278348817473,0.0109549937813791,0.0175655474348857,0.000627350377649971,0.000103704143884493,0.00692533158807669,0.0299983935470159,0.0013834375210037,0.000195527349667547,0.000638047938270454,3.69511792125079e-06,9.23779480312698e-07,0.000191832231746296,0.000637124158790141,0.000627350377502867,0,0.000166738216730674,9.77378128508212e-06,7.43659494098395e-06,0.000918931671392292,2.23803758576729,0.0038746297961123,156.174782062713
352,6.46768296193198,0.20840901231826,0.0110063623511677,0.0183087136679586,0.000656730611090311,4.8467126341438e-05,0.0069698704276064,0.0319592350338439,0.00143225366450243,0.000197363441313205,0.00066863878913565,3.71769800200025e-06,9.29424500500061e-07,0.000193645743311205,0.000667709364635149,0.000656730610709703,0,0.000167376519092759,1.09787539193954e-05,1.33229701996232e-06,0.0034278354278904,3.8487141943626,0.0041252234006842,156.327446335348
353,6.47663276524866,0.208545880896276,0.0110008766883067,0.0190701855291374,0.000676781471984712,0,0.00690917475844204,0.0324646999994179,0.00143691314005746,0.000195279531301696,0.000689946369426552,3.68561027784264e-06,9.21402569460661e-07,0.000191593921023854,0.000689024966857092,0.000676781471775575,0,0.000164522662263048,1.22434950779442e-05,0,0.00205551817244446,5.37258313603894,0.00418720552585005,156.474671592029
354,6.48506477836212,0.208687020884526,0.0109462223635235,0.019815265097105,0.000702242843700928,0.000109530632453788,0.00691391301121073,0.0328836980749399,0.00144644533464054,0.000194187080300735,0.000716964700632241,3.68846858998108e-06,9.22117147495271e-07,0.000190498611710754,0.000716042583484746,0.000702242843308213,0,0.000162408898175663,1.37997401693019e-05,9.51218101919504e-06,0.00140698628106538,6.70579526073357,0.00423825233615014,156.613319728759
355,6.49478668290127,0.208833569851515,0.0110000470177143,0.0205432503691552,0.000726160640768806,0,0.00690897447646413,0.0330792174585217,0.00145005733783653,0.000194721630328448,0.000742226446770625,3.68561027784264e-06,9.21402569460661e-07,0.000191036020050605,0.000741305044201164,0.000726160640374785,0,0.000161989594626736,1.51444038187252e-05,0,0.00178896921693742,7.75749436538574,0.0042608987301449,156.773106219606
356,6.50329031348922,0.208985216570412,0.0109431282213591,0.0212497935238064,0.000741653270902332,9.77179168800824e-05,0.00683689371291714,0.0328620866251971,0.00143762992262907,0.000191433099867237,0.000759224510137028,3.64702126789796e-06,9.11755316974489e-07,0.000187786078599339,0.000758312754820054,0.00074165327071069,0,0.000158119947859888,1.66594841053861e-05,6.25668870510882e-06,0.00215137987138369,8.45600889402837,0.0042296633442345,156.912806903978
357,6.51282227395126,0.209140211139852,0.0109836049846065,0.0219274324931204,0.000756311535838621,0.000100156893557876,0.00676928866771932,0.0325889685729843,0.00142447798522586,0.000189978531649468,0.000775122070298735,3.61057338054736e-06,9.02643345136839e-07,0.00018636795826892,0.000774219426953598,0.000756311535644915,0,0.000156115496930293,1.79078913044695e-05,7.10542047981134e-06,0.00504774503871673,8.7537362358843,0.00419213256037288,157.069332052769
358,6.52230126969979,0.209298386294145,0.0110259802665973,0.0225763215400757,0.00076763078037024,9.84002218573615e-05,0,0.0321788435250788,0,0.000188093276758252,0.000787593637979017,3.56534573623335e-06,8.91336434058338e-07,0.000184527931022019,0.000786702301544959,0.000767630780240592,0,0.00015382269986909,1.90715213014237e-05,6.96880621732608e-06,0,8.63038676462374,0.00413644330480079,157.224914949675
359,6.52281352599112,0.209459050177746,0.0110662637597421,0.0217885619919462,0.000742213768531841,0.000101411227221946,0.00668011843909406,0.0320820196173966,0.00140409636307045,0.000188949331221631,0.000760223116154358,3.56331403471215e-06,8.90828508678037e-07,0.000185386017186919,0.00075933228764568,0.000742213767959999,0,0.000155697466729907,1.71185196735263e-05,7.87035301834135e-06,0.00243938829869417,8.09436654286846,0.00412116464969918,157.233320779114
360,6.53220129305618,0.209614513568732,0.0111106398424707,0.0224316701358616,0.000761982513323992,0.000102978229229314,0.00666803502851476,0.0318865044197656,0.00139883616683755,0.000189261351054042,0.000781305629566805,3.55924532365243e-06,8.89811330913108e-07,0.000185702105730389,0.000780415818235892,0.00076198251294273,0,0.000155222805382085,1.84333052847082e-05,8.44264590522558e-06,0.000480583142074574,7.18220446291579,0.0040987675558858,157.387331306191
361,6.5415710129717,0.20977423616261,0.011155591132218,0.0230486981075004,0.000780126805748932,0,0.00665907282133409,0.0315439802884491,0.00139036600669408,0.000189426558628036,0.000800733791151318,3.55210821413734e-06,8.88027053534335e-07,0.000185874450413899,0.000799845764097783,0.000780126805395133,0,0.000154669378351234,1.97189586944957e-05,0,0.00235702668818084,5.9785207015267,0.0040519966079869,157.540975316405
362,6.54971834599619,0.209937886667396,0.0110966642384299,0.0236380964786369,0.000795279217690596,0,0.00663230326226265,0.0309011268368318,0.00137362800367683,0.0001874623273765,0.000817462789271534,3.53777080642102e-06,8.84442701605256e-07,0.000183924556570079,0.000816578346569928,0.000795279217415841,0,0.000152113387988309,2.12991291474262e-05,0,0.00260857609362645,4.52393247367112,0.00396682524788098,157.674517611437
363,6.55776136065087,0.210104845905668,0.0110372790137884,0.0241946320223997,0.000813147537559963,0,0.00663845412796316,0.0298259536537249,0.00135047960984088,0.000186431816254594,0.00083702184715072,3.54085010351861e-06,8.85212525879651e-07,0.000182890966151075,0.00083613663462484,0.000813147537140114,0,0.00015036506483534,2.29890974740574e-05,0,0.0041502261495554,2.93836420951777,0.00382708206085607,157.806298021444
364,6.56565704923252,0.210275692143746,0.0109772008196341,0.0247091061673653,0.000836305038775196,8.38864969651822e-05,0.00669658076088294,0.0267539042231878,0.00128353352451858,0.000186896811754978,0.000862054289730378,3.57244262291221e-06,8.93110655728051e-07,0.000183324369132066,0.00086116117907465,0.000836305038013173,0,0.000149872167910612,2.48561410412633e-05,4.18761617040125e-06,0.00153138465314985,1.32986976599327,0.00343147328405982,157.935614390698
365,6.5740776493139,0.210451546764618,0.0109998951676068,0.0251322915790992,0.000862688926634553,0.000109115226638387,0.00679582597590149,0,0,0.000190015946135659,0.000889968927977336,3.62740610325793e-06,9.06851525814483e-07,0.000186388540032401,0.000889062076451521,0.00086268892560122,0,0.000151880983406996,2.63731508222181e-05,1.01361093898401e-05,0.00048886722008535,0,0,158.073473114356
366,6.57466496347278,0.210633100983605,0.0110461978454206,0.0242443771372157,0.000840504807161302,0.000110076327106237,0.00684850978106783,0,0,0.00019246696688325,0.000865236859947038,3.65286503787489e-06,9.13216259468723e-07,0.000188814101845375,0.000864323643687569,0.000840504806526759,0,0.000155193909840671,2.38188371446532e-05,1.022781811312e-05,0.00447494408682887,0,0,158.083086284917
367,6.57527209425416,0.210810139117529,0.0110941973421102,0.0233801997151683,0.000811934537461377,4.81599785079131e-05,0,0,0,0.000193404276769407,0.00083415358786758,3.64897131245823e-06,9.12242828114558e-07,0.000189755305456948,0.000833241345039466,0.000811934536546729,0,0.000157277924382168,2.13068084709523e-05,1.35774438529617e-06,0,0,0,158.093023526179
368,6.57518756866051,0.210981303150325,0.0110814954138052,0.0225462390632831,0.000784832524656044,8.01474269597492e-05,0.0068414288464003,0,0,0.000193483175952056,0.0008050107730281,3.64897131245823e-06,9.12242828114558e-07,0.000189834204639597,0.000804098530199985,0.000784832523936055,0,0.000158440903999283,1.9266006247759e-05,3.53452304844033e-06,0.00697456529671723,0,0,158.091640067153
369,6.57548094023358,0.211146888139132,0.0111020593603897,0.0217408726741525,0.000751233083372102,0,0,0,0,0.0001922492364831,0.000769285773851471,3.61355429192169e-06,9.03388572980422e-07,0.000188635682191178,0.000768382385278491,0.00075123308239922,0,0.000158586359342636,1.71493028587801e-05,0,0,0,0,158.09644175473
370,6.57487810493815,0.211305508666953,0.0110441976130299,0.0209706888100597,0.000719191519077259,0,0.00671095492702921,0,0,0.000189721592069817,0.000735567505365469,3.57951736577212e-06,8.9487934144303e-07,0.000186142074704045,0.000734672626024026,0.000719191518290285,0,0.000157374414347131,1.54811077180124e-05,0,0.00419347017451874,0,0,158.086574921121
371,6.5742934138704,0.211457477796721,0.0109881701006142,0.020233972360099,0.000691858220880717,0,0.00667883474347915,0,0,0.000188113399350273,0.000706795254756253,3.56229751896653e-06,8.90574379741633e-07,0.000184551101831307,0.000705904680376511,0.000691858220373579,0,0.00015687677326626,1.40464599933152e-05,0,0.00564681466397696,0,0,158.077004785037
372,6.57372340724313,0.211603776391101,0.010933643541387,0.0195258198792184,0.000669574327144192,0.000102958006755221,0,0,0,0.000187645708017093,0.000683287221488973,3.56636092003014e-06,8.91590230007535e-07,0.000184079347097063,0.000682395631258965,0.000669574326847474,0,0.000157296374174456,1.28213044061545e-05,8.36226782766132e-06,0,0,0,158.067674740093
373,6.57434142544827,0.211745460847299,0.0109832016898647,0.0188409978439874,0.000649758615434777,7.36626283484797e-05,0,0,0,0.00018943637586412,0.000662174688838641,3.57951736577212e-06,8.9487934144303e-07,0.000185856858498348,0.000661279809497198,0.000649758615232262,0,0.000159866513997031,1.15211942615391e-05,3.04042895269046e-06,0,0,0,158.077790641614
374,6.57463207540956,0.211883044284764,0.0110041713750233,0.0181769501293116,0.000631503953525678,0.00011003342513405,0.0067487265097632,0.022553240362083,0.00117536869212836,0.00019110422055316,0.000642819744489719,3.59960585164715e-06,8.99901462911789e-07,0.000187504614701513,0.000641919843026807,0.000631503953377077,0,0.000162244456649035,1.04158896473963e-05,1.10246004554932e-05,0.00505085529746934,0.679964387785008,0.00290745424806003,158.08254797965
375,6.5828219134816,0.212016849264915,0.0110621714128597,0.0187073945617632,0.000660501844878909,0.000100311090587594,0.00686337744415842,0.029817381265577,0.00137312372555497,0.000195272849950746,0.0006728136267819,3.66256184707512e-06,9.15640461768779e-07,0.00019161028810367,0.000671897986320132,0.000660501844474165,0,0.000165190214543933,1.13961418393432e-05,6.77137493857471e-06,0.000699270916046326,2.26553265193835,0.00384616943229604,158.216571083548
376,6.59214539651113,0.212156886785,0.0111085742619596,0.0194056049195707,0.000682910062588812,0.00011805435611361,0.00685543130827322,0.0314949801511339,0.00141007848795888,0.000195520249787253,0.000696362218165552,3.65675022370281e-06,9.14187555925702e-07,0.000191863499563551,0.000695448030609626,0.000682910062312491,0,0.000164547097215437,1.25379682923506e-05,1.54733845333859e-05,0.00281144319554258,3.87402709546286,0.00406019000728879,158.369081009383
377,6.6019031138254,0.212301770857833,0.0111716145986353,0.020117353077957,0.000709186599621716,0,0.00687972972405083,0.032338203907616,0.00143099791838821,0.000197038234369305,0.000723902560567593,3.66931730706031e-06,9.17329326765078e-07,0.000193368917062244,0.000722985231240828,0.00070918659919231,0,0.000165001453311481,1.37986320406798e-05,0,0.0114553962387838,5.39583148019507,0.00416584134177749,158.528620239253
378,6.61043230766419,0.212452332428801,0.0111151549128768,0.0208226002473915,0.000733277141848936,0,0.00688567463972515,0.0327590305160952,0.00144072392630057,0.00019598852664446,0.000749579824249937,3.67316546619733e-06,9.18291366549333e-07,0.000192315361178263,0.000748661532883388,0.000733277141434546,0,0.000162984275721187,1.53843914407477e-05,0,0.00182328394440284,6.72723735221615,0.00421680374356052,158.668011388039
379,6.61901918659621,0.212608118867904,0.0110577017453557,0.0215123215649435,0.000757144477097932,0.000106221394544246,0.00689685088300763,0.0330253536661396,0.00144758329933763,0.000195029779132553,0.000775133385007925,3.67892102456134e-06,9.19730256140335e-07,0.000191350858107991,0.000774213654751785,0.000757144476634711,0,0.000161065079257218,1.70691781074255e-05,8.36701375453441e-06,0.00244995305953651,7.7775116016001,0.00424871354314568,158.808287282547
380,6.62886607430404,0.212769093930891,0.011105479654293,0.0221838458041074,0.000780045629748562,7.37453146912011e-05,0,0.0331660269418716,0,0.000195777507276613,0.000799458478451833,3.68179123718705e-06,9.20447809296763e-07,0.000192095716039426,0.000798538030642536,0.00078004562927385,0,0.000160893891081953,1.84924013583465e-05,2.86626189256918e-06,0,8.47507977391166,0.00426450221869708,158.969075281607
381,6.62908792427533,0.212935063532757,0.0111195891828108,0.0213837260749076,0.000745129386518251,0,0.00682449309873731,0.0328487892365895,0.00143598256511518,0.000194100972401337,0.000762472379292373,3.6401795468892e-06,9.10044886722299e-07,0.000190460792854448,0.000761562334405651,0.000745129385540729,0,0.000160655617891649,1.64329488449559e-05,0,0.00323607587349393,8.77240375099371,0.00422072731273376,158.972696949842
382,6.63766069579223,0.213093727706015,0.0110617927338458,0.0220560922719992,0.000761955412712908,0,0,0.0326260343297617,0,0.00019159797578834,0.000780859603720666,3.61653076630855e-06,9.04132691577136e-07,0.000187981445022032,0.000779955471029089,0.000761955412455682,0,0.000157503228639721,1.80000585678224e-05,0,0,8.6492213951592,0.00419508889006227,159.112616565335
383,6.63704766051522,0.213256095625256,0.0110035190709854,0.0212746269620996,0.000728065722768586,3.5969563474558e-05,0.00670331829407943,0.0321902625754186,0.00140888793762235,0.000188702882534606,0.000745180148609119,3.57547738692337e-06,8.93869346730843e-07,0.000185127405147682,0.000744286279262388,0.000728065721832023,0,0.000156004776711359,1.6220557411065e-05,9.16554277071567e-07,0.00382060823382478,8.11392738038981,0.00413686087831353,159.102612888738
384,6.64588904149319,0.213411360078652,0.0109831787659001,0.021937443926127,0.000748643166372885,8.74970939497933e-05,0,0.0320035853112923,0,0.000187961397874548,0.000767279279333665,3.57244262291221e-06,8.93110655728051e-07,0.000184388955251636,0.000766386168677937,0.000748643165986699,0,0.000154443228785859,1.77430026828306e-05,4.70723192886404e-06,0,7.20300110917687,0.00411624506438808,159.246860415672
385,6.64629505193209,0.213571129035001,0.0110134908861545,0.0211697100317249,0.000719357060997716,0.000104748125410888,0,0.0315242221879213,0,0.000187514128193303,0.0007360935205736,3.54904295105763e-06,8.87260737764408e-07,0.000183965085242245,0.000735206259835835,0.000719357060307555,0,0.000155190803154065,1.58491995141983e-05,9.23998623133111e-06,0,6.00028252478599,0.00405222758465549,159.253483022332
386,6.64691560649737,0.213724762934698,0.0110624739737755,0.0204326522103235,0.000695848361928693,0.000100168118368198,0.006645766732631,0.0310039094980627,0.00137761637426419,0.000188608171790959,0.00071094557503566,3.54904295105763e-06,8.87260737764408e-07,0.000185059128839901,0.000710058314297896,0.0006958483615428,0,0.000157225194567697,1.42099527477388e-05,7.60670558364057e-06,0.000305946334229516,4.54763340476191,0.00398796812705208,159.263604898709
387,6.65633310470248,0.21387348296089,0.0111078387910702,0.0210978939394546,0.00071730253079245,8.6194378400946e-05,0.00665374752045134,0.0299144448160941,0.00135403790025895,0.000189143303753537,0.000733639744611939,3.54904295105763e-06,8.87260737764408e-07,0.000185594260802479,0.000732752483874175,0.000717302530434565,0,0.000156902159755436,1.54499534324526e-05,4.59509918492695e-06,0.00375911152578746,2.96417885759013,0.00385015058557712,159.417176867726
388,6.66543341423315,0.214026894951487,0.011138134128621,0.0217170634804736,0.000737161499796562,9.06419740041368e-05,0.00665394411866119,0.0267238555661213,0.00127880037783249,0.000189437978255507,0.000754738927210823,3.54904295105763e-06,8.87260737764408e-07,0.00018588893530445,0.000753851666473059,0.000737161499456251,0,0.000156402475483475,1.6690167009692e-05,5.33852110738681e-06,0.00520434456474584,1.35782869387804,0.00343710192262357,159.565510523245
389,6.6740983621478,0.214184667338366,0.0111718897486456,0.0222401370983176,0.000767604131401867,7.46081812320757e-05,0.00677481046066953,0,0,0.000193275561604564,0.000786587806691239,3.61355429192169e-06,9.03388572980422e-07,0.000189662007312642,0.000785684418118258,0.000767604130548718,0,0.000158957842475848,1.80802875510627e-05,3.06272795347569e-06,0.00448784291798403,0,0,159.706687770676
390,6.67434125983693,0.214349076373898,0.0111877088377747,0.0214527499293027,0.000746163407989347,9.03051024940175e-05,0,0,0,0.000194894342900821,0.000763438149870962,3.63331232499009e-06,9.08328081247522e-07,0.000191261030575831,0.000762529821789715,0.000746163407620138,0,0.000161414494444887,1.63664141620714e-05,4.91385637338613e-06,0,0,0,159.710644438252
391,6.67477482011714,0.214509015811225,0.0112200447834143,0.0206880342951796,0.00072037242940139,0.000107588129069626,0.00680316063823048,0,0,0.000195526244673679,0.000735943644363182,3.62937688342127e-06,9.07344220855318e-07,0.000191896867790257,0.000735036300142327,0.000720372428936986,0,0.00016308197086128,1.46638711965107e-05,9.43308553451071e-06,0.00141657391761892,0,0,159.717706778593
392,6.67542107260483,0.214663542192073,0.0112707978306668,0.0199503850453685,0.000697677859158552,1.94648373085256e-05,0.00681641510592354,0,0,0.000197109572097037,0.00071172435380049,3.63723955393785e-06,9.09309888484462e-07,0.0001934723325431,0.000710815043912006,0.000697677858848341,0,0.000165565218348903,1.31371850581672e-05,4.16158456250893e-07,0.000799800494556473,0,0,159.728233428199
393,6.67505483576573,0.214813308192629,0.0112342984062908,0.0192365652161925,0.000674443309705924,0,0,0,0,0.000196897418848332,0.000687271539532178,3.6401795468892e-06,9.10044886722299e-07,0.000193257239301443,0.000686361494645455,0.00067444330942128,0,0.00016627950707666,1.19181852194139e-05,0,0,0,0,159.722267925342
394,6.67447387980702,0.214958187591175,0.0111794756464121,0.0185470460706461,0.000648330607953442,3.87557262599766e-05,0.00679270517610829,0,0,0.000195293831886068,0.000660019892855676,3.62345846482975e-06,9.05864616207436e-07,0.000191670373421239,0.000659114028239469,0.000648330607636121,0,0.000165737149291343,1.07834205983258e-05,9.97584010101235e-07,0.00212364042233511,0,0,159.712804724027
395,6.67435727161284,0.215097551563621,0.0111648529789058,0.0178847066386742,0.000620347633265829,8.02809430963321e-05,0.00672977422379283,0,0,0.000193459856481123,0.000630892020330337,3.58958505192035e-06,8.97396262980087e-07,0.000189870271429203,0.000629994624067357,0.00062034763294469,0,0.000165056366296064,9.64699111788913e-06,3.6942373012743e-06,0.00385799391389513,0,0,159.710905259516
396,6.67473910070154,0.215230986820655,0.0111932987050662,0.017251402174915,0.000597680894521541,8.66829953045633e-05,0.00671067823419902,0,0,0.000193643014575409,0.00060720610302599,3.57951736577212e-06,8.9487934144303e-07,0.000190063497209636,0.000606311223684547,0.00059768089433837,0,0.000166156261545971,8.63032934363161e-06,4.55757044469058e-06,0.00292778506239254,0,0,159.71712494423
397,6.67520638790037,0.215359626269386,0.0112291893004041,0.0166416525348146,0.000579563371567252,0.000101218024230075,0.00673562820122757,0,0,0.000195201690564898,0.000588222494293021,3.59259626045818e-06,8.98149065114544e-07,0.00019160909430444,0.000587324345227907,0.000579563371466301,0,0.000168426559508986,7.76097376029732e-06,7.55260644685643e-06,0.0055008617155196,0,0,159.724736517349
398,6.67584983052679,0.215484440820487,0.0112802815108164,0.0160507700246543,0.000559824361287498,0,0.00673484118549375,0.0228314419886549,0.00118228876472075,0.000196312509399593,0.00056765375150102,3.59259626045818e-06,8.98149065114544e-07,0.000192719913139135,0.000566755602435906,0.000559824361184025,0,0.000170326938759479,6.93124125063476e-06,0,0.00210990791714012,0.70878970286066,0.00294811589284698,159.73521718218
399,6.68297054466691,0.215605074259936,0.0112309482699084,0.0166626575429224,0.000583171720366786,7.98340933184994e-05,0.00676770442235685,0.0294938290196764,0.00135604185087191,0.000196201242773391,0.000591900286906835,3.61057338054736e-06,9.02643345136839e-07,0.000192590669392844,0.000590997643561699,0.000583171720200125,0,0.000169263800689047,7.82592335940992e-06,3.59209110721998e-06,0.00127652423938655,2.29224425003244,0.00381016311476582,159.851180852981
400,6.69213876078732,0.215730809042012,0.0112603689696498,0.0174241252472457,0.000619296608277806,3.64538357185394e-05,0.00688609755589017,0.0316410972022287,0.0014165059705896,0.00019983248357431,0.000629226249245088,3.67316546619733e-06,9.18291366549333e-07,0.000196159318108113,0.000628307957878539,0.000619296607815452,0,0.000171387454071617,9.01135005661766e-06,8.99740417858993e-07,0.00253236753416807,3.89859441374453,0.00408558406941413,160.000430834663
401,6.70117647845532,0.215864410400353,0.0112442655221476,0.0182087244819734,0.000642843860597107,0,0.00685225895958425,0.0322340288920422,0.00142591270675139,0.000198304482752502,0.000653965491988875,3.6557797314213e-06,9.13944932855325e-07,0.00019464870302108,0.00065305154705602,0.000642843860362637,0,0.000168934948739791,1.0207686689827e-05,0,0.00117734545592219,5.4183700849591,0.0041590169542689,160.147492543431
402,6.70984632824248,0.2160031775113,0.0111907741862031,0.0189781532480142,0.000667531195131895,0.000117014826878727,0.00684257848381237,0.0325668182686165,0.00143196149649867,0.00019675839065213,0.00068002374858556,3.64994554081154e-06,9.12486385202886e-07,0.000193108445111319,0.000679111262200357,0.000667531194827213,0,0.000166407197482749,1.15800673681337e-05,1.47313495235185e-05,0.00255939597992122,6.74800106323094,0.00419898580499748,160.288508809928
403,6.7199167867219,0.216147366370537,0.0112533269092972,0.0197278445472396,0.000694517402546054,6.18418597206085e-05,0.00686018762932554,0.0328631893777551,0.00144019666669169,0.00019810103405863,0.000708270402056453,3.6596584694768e-06,9.149146173692e-07,0.000194441375589154,0.000707355487439084,0.000694517402129764,0,0.000166660679720637,1.2838085302066e-05,2.05058646717307e-06,0.00164119228668579,7.7968751947099,0.00423454814733353,160.452233157437
404,6.72938851180904,0.216297484477995,0.0112592467153327,0.0204576237572939,0.000719400649751883,0.00010575230003171,0.00686616848220912,0.0330023398618971,0.00144376972789228,0.000198088527610165,0.000734555894331486,3.66256184707512e-06,9.15640461768779e-07,0.00019442596576309,0.000733640253869717,0.000719400649346407,0,0.000165649939992039,1.42396045157929e-05,8.36812942844585e-06,0.00241983544712316,8.49351344068215,0.00424905445741296,160.606151894686
405,6.73939126590755,0.216453089028869,0.0113078955243443,0.0211649360070955,0.000742385669756645,0,0.00685528317779895,0.0330205002612712,0.00144321137885591,0.000198520358341054,0.000758851827566905,3.6596584694768e-06,9.149146173692e-07,0.000194860699871577,0.000757936912949536,0.000742385669365895,0,0.000165165273286006,1.5551243576017e-05,0,0.000416959338428897,8.79044105593381,0.00424846285530292,160.768624960543
406,6.74814903979916,0.216613780700338,0.0112496290923683,0.02184757913241,0.000759233007075845,0.000107395912804128,0.00681143048168386,0.0327742984162773,0.00143299685804431,0.000195825990318738,0.000777203381892175,3.63331232499009e-06,9.08328081247522e-07,0.000192192677993748,0.000776295053810928,0.000759233006835236,0,0.000161823357832033,1.70620469706936e-05,9.30534073231519e-06,0.00264488787679106,8.66742291418157,0.00421365337588537,160.910812818235
407,6.75809903124363,0.216778241032433,0.0112982989471782,0.0225021410476337,0.00077366306644442,0,0.00675059436400646,0.0324104659954989,0.00141867250856393,0.000194662499452397,0.00079280421075352,3.6006053142951e-06,9.00151328573775e-07,0.000191061894138102,0.000791904059424946,0.000773663066246855,0,0.000160115371577372,1.82409931738072e-05,0,0.00499488764864006,8.13284249848875,0.00416462871113756,161.072285592412
408,6.7666997519167,0.216945954351129,0.0112389992055364,0.0231270171638561,0.000789794872990357,0.000115290693351408,0,0.0321026428684207,0,0.00019250107407939,0.00081050262432226,3.58355000260045e-06,8.95887500650113e-07,0.00018891752407679,0.00080960673682161,0.000789794872713071,0,0.000157325729288842,1.981186410219e-05,1.50963867364495e-05,0,7.22313058074891,0.00412218788868584,161.211800664478
409,6.76741277371286,0.217117297153592,0.0112945054772183,0.0223160796176422,0.000762513749890936,7.62568601876322e-05,0.00669823919536552,0.0317609813565115,0.00139950296065052,0.000193361104211448,0.000781115606197039,3.57648806646418e-06,8.94122016616044e-07,0.000189784616144984,0.000780221484180423,0.000762513749197639,0,0.000159284066492728,1.77077349679522e-05,3.29480467259887e-06,0.00034905163781519,6.02134840293406,0.00407634958244932,161.223364279574
410,6.77680389784698,0.21728285207801,0.0113121446773133,0.0229333876160147,0.000780081951975198,9.07782464874578e-05,0.00668570864974519,0.0311555581344658,0.00138481910991539,0.000192891553440888,0.000799997451490117,3.56636092003014e-06,8.91590230007535e-07,0.000189325192520858,0.00079910586126011,0.000780081951658566,0,0.000158121914594544,1.90239095944702e-05,5.28268376940157e-06,0.00219549927252392,4.57060187700833,0.00400127419792362,161.375630981285
411,6.78626885646404,0.21745235050939,0.0113435166935941,0.0235174408712981,0.000796210571932472,0.00010924454089988,0.00660728787228454,0.029986257416543,0.00135326612720073,0.000192608799793133,0.000817360070379967,3.55516958791577e-06,8.88792396978942e-07,0.000189053630205218,0.000816471277982988,0.000796210571639709,0,0.000157205207465856,2.02607063364881e-05,1.13445101502039e-05,4.50585698605738e-05,2.9892212451647,0.00384876543957751,161.529026679152
412,6.79574463784403,0.217625488369757,0.0113926052935058,0.0240528567287752,0.000814878585602081,0.00010746123854604,0.0066786631752001,0.0269080719934529,0.00128565773757132,0.000193635657574887,0.000837234160206523,3.56229751896653e-06,8.90574379741633e-07,0.00019007336005592,0.000836343585826781,0.000814878585179603,0,0.000157478216827158,2.14650006370762e-05,1.02834042233314e-05,0.00414390837109403,1.38497498410827,0.00345160643205931,161.682529371387
413,6.8047547677812,0.217802826719911,0.0114388776795335,0.0245009986488425,0.000831507611151172,0,0.00669682976821362,0,0,0.000194812156887648,0.000854911351566056,3.57244262291221e-06,8.93110655728051e-07,0.000191239714264736,0.000854018240910328,0.000831507610795439,0,0.000157979409980704,2.25106301061758e-05,0,0.00178564300867831,0,0,161.828425385785
414,6.80409004068952,0.217983931428059,0.0113767354777749,0.0236459740975147,0.000811951478114927,4.30928980394094e-05,0.00676150214776183,0,0,0.000195918857113548,0.000833614420688675,3.60659197719852e-06,9.01647994299629e-07,0.000192312265136349,0.000832712772694375,0.000811951477682057,0,0.000159834206215166,2.07612950022341e-05,1.16904196338214e-06,0.00315291554265084,0,0,161.817663938419
415,6.80394084724707,0.218160923803387,0.0113585229471071,0.0228118454587081,0.00078942677572282,0.000107056992565206,0.00679835917990289,0,0,0.000196987148805913,0.000809245033010252,3.62641995188994e-06,9.06604987972486e-07,0.000193360728854023,0.00080833842802228,0.000789426775221921,0,0.000161783658069034,1.89116527893429e-05,9.25018116657282e-06,0.00230799073533173,0,0,161.815248559151
416,6.804555731598,0.218333145878054,0.0114052313609814,0.0220016126315995,0.000764686044704882,5.7406122518919e-05,0,0,0,0.000198472416842144,0.000782562976787789,3.63331232499009e-06,9.08328081247522e-07,0.000194839104517154,0.000781654648706541,0.00076468604418183,0,0.000164251662994528,1.69686045139635e-05,1.82026486913748e-06,0,0,0,161.825203170178
417,6.80459606008173,0.218500102187803,0.0114032701420949,0.0212174970727339,0.000739800952373899,6.62715877653213e-05,0,0,0,0.00019894597567093,0.000756034470891357,3.63723955393785e-06,9.09309888484462e-07,0.000195308736116992,0.000755125161002872,0.000739800951912662,0,0.000165716698265138,1.53242090812995e-05,2.36262697027396e-06,0,0,0,161.825856054249
418,6.80475300516908,0.218661748771496,0.0114113046325166,0.0204595576654743,0.000711542262649908,7.53909021102722e-05,0.00678744050127146,0,0,0.0001984530855103,0.000726178900044826,3.62049244964821e-06,9.05123112412052e-07,0.000194832593060652,0.000725273776932413,0.000711542262129492,0,0.000166370902839657,1.37315147934899e-05,3.12164387635205e-06,0.0027623735052905,0,0,161.828396850822
419,6.80503263304349,0.218817335846972,0.0114298566361543,0.0197311792887895,0.000684345146258673,0,0.00675529323852692,0,0,0.00019812123651596,0.000697530001229961,3.60360081885199e-06,9.00900204712998e-07,0.000194517635697108,0.000696629101025248,0.000684345145837761,0,0.000167143830086448,1.22839551803444e-05,0,0.0018529268234765,0,0,161.832923722487
420,6.8044350569628,0.218967082428676,0.0113743428798047,0.0190312019104456,0.00065728394806473,0.000105288297843972,0.00671661413490375,0,0,0.000196269162672558,0.00066929199950991,3.58254253519592e-06,8.95635633798979e-07,0.000192686620137362,0.000668396363876111,0.000657283947696101,0,0.000166395262431551,1.11124161740875e-05,9.05875750429079e-06,0.0041135648270936,0,0,161.823249542436
421,6.80509850737953,0.219111005977111,0.0114256415781699,0.0183594021819643,0.000632907220138441,9.61370753799355e-05,0.0066919877474362,0,0,0.000196682270648935,0.000643701399159169,3.56940379168273e-06,8.92350947920682e-07,0.000193112866857252,0.000642809048211248,0.000632907219878801,0,0.000167796578210879,9.90182832856176e-06,6.37250633597254e-06,0.00415417921615159,0,0,161.833990147817
422,6.80566569411188,0.219249682914805,0.0114688819322411,0.0177129926301024,0.000612174456748428,9.48244439951662e-05,0,0.0230252139194952,0,0.00019783865658932,0.000621943056710153,3.57244262291221e-06,8.93110655728051e-07,0.000194266213966408,0.000621049946054425,0.000612174456585961,0,0.000169779235800198,8.87548946619792e-06,6.05641446771501e-06,0,0.736786066062318,0.0029673462304303,161.843172074388
423,6.80622646542429,0.219383901970336,0.0115116480753008,0.0170881940722711,0.000591015416215102,0.000108916994044451,0.00669118064184472,0.0292420212603679,0.00134256635011761,0.00019864503986644,0.00059984726086904,3.56940379168273e-06,8.92350947920682e-07,0.000195075636074758,0.00059895490992112,0.000591015416068476,0,0.000171435019523646,7.93949385073807e-06,1.09198078005627e-05,0.00184397662735855,2.31816669790594,0.00377052239351066,161.852249904482
424,6.81580537582534,0.21951356123847,0.0115694079855715,0.0178279593198534,0.000616819751682836,0,0.00670511317407431,0.0308891121328363,0.00138101759936258,0.000199753008460168,0.000626618199879383,3.57648806646418e-06,8.94122016616044e-07,0.000196176520393704,0.000625724077862767,0.000616819751430758,0,0.000171503730487704,8.90432642850739e-06,0,0.00334440232373016,3.92241295896238,0.00398492706184182,162.007277546117
425,6.82433780534549,0.219648961538804,0.0115168720951895,0.0185793759756815,0.000645887370212341,0.000110059789973189,0.00675040333080947,0.0317835496464225,0.00140526760364223,0.000199899951890466,0.000656969814084898,3.6006053142951e-06,9.00151328573775e-07,0.000196299346576171,0.000656069662756325,0.000645887369837453,0,0.000170463851996559,1.01822929132221e-05,1.10223320320694e-05,0.00369059283787109,5.44019811768291,0.00409707923798124,162.14531009507
426,6.83432722180363,0.219790830028942,0.0115730107978385,0.0193248376445716,0.000669909491674325,0.000102656829165984,0.00674291833557067,0.0321180670636371,0.00141163623821942,0.000200364849077303,0.000682092106128998,3.59660459438851e-06,8.99151148597127e-07,0.000196768244482915,0.000681192954980401,0.000669909491378974,0,0.000169971864989985,1.12834635966971e-05,7.96633109772848e-06,0.00377079109264101,6.76808762375932,0.00413769471570561,162.306842913644
427,6.84426512931513,0.219938069992161,0.0116205245866374,0.0200515910017359,0.000692562098954519,0.000115330585480762,0.00672965645021161,0.0322631721521446,0.00141329348459174,0.000200516371688394,0.000705881941023456,3.58958505192035e-06,8.97396262980087e-07,0.000196926786636474,0.000704984544760476,0.000692562098653898,0,0.000169224302849557,1.24224461014792e-05,1.49555810841578e-05,0.00330078418625756,7.81558800179366,0.00415309339730143,162.467468031352
428,6.85436018836243,0.220090390763555,0.0116795927380957,0.020756295774844,0.000717127905338077,0.000102746011458535,0.00674321009389236,0.032433300089456,0.00141834878896048,0.000201658622416384,0.000731636968159897,3.59660459438851e-06,8.99151148597127e-07,0.000198062017821996,0.0007307378170113,0.000717127904939541,0,0.000169376901828725,1.36099120646417e-05,7.99538520350065e-06,0.0063687200247674,8.51131383209911,0.0041718183358302,162.630556950288
429,6.86433263304293,0.220248223724469,0.0117247435769082,0.0214403715975912,0.000743847579911561,0,0,0.0326568305180039,0,0.00020335116286653,0.00075966177617276,3.61752193372209e-06,9.04380483430522e-07,0.000199733640932808,0.00075875739568933,0.000743847579385339,0,0.000169979738018712,1.49098162941172e-05,0,0,8.80785254908165,0.00419739185943174,162.7915897171
430,6.86369545189666,0.220412054832666,0.0116656527561238,0.0206781802875578,0.000715139957942794,0,0,0.0324841066658431,0,0.000201616184899978,0.000729545194132545,3.59960585164715e-06,8.99901462911789e-07,0.000198016579048331,0.000728645292669634,0.000715139957401819,0,0.000169410981030386,1.35053352581977e-05,0,0,8.68499552923233,0.00417222712381759,162.781302895683
431,6.86307432915858,0.220569680300289,0.0116081638797298,0.0199460021021765,0.000687143882892735,4.70664149818918e-05,0,0.0322310303594273,0,0.000199781641899075,0.000700264835244463,3.57951736577212e-06,8.9487934144303e-07,0.000196202124533303,0.00069936995590302,0.00068714388243753,0,0.000168716369478053,1.22260734578258e-05,1.34991546009495e-06,0,8.15111527542304,0.00414306730941175,162.771275032007
432,6.86303000864311,0.220721243406859,0.0115993169065413,0.0192430349597114,0.000663337611133658,8.89653956379654e-05,0.00670339455431205,0.0320373512175516,0.00140564840143766,0.00019967121317721,0.00067526573441791,3.57547738692337e-06,8.93869346730843e-07,0.000196095735790287,0.000674371865071179,0.000663337610845908,0,0.000169562231515644,1.10342542207153e-05,4.92992259078173e-06,0.00428642673145016,7.24259484467205,0.00412137398317653,162.770559477836
433,6.87281124404841,0.220867656109187,0.0116335228341985,0.0199705838266887,0.000685468049629817,0,0.00668649066156918,0.0316813975022666,0.00139622177980129,0.000199472297620773,0.00069853389967217,3.56636092003014e-06,8.91590230007535e-07,0.000195905936700743,0.000697642309442162,0.00068546804934598,0,0.000168487214878115,1.2174260091411e-05,0,0.00613350198376416,6.04171853590973,0.00407831293162159,162.928441659326
434,6.88146421626375,0.221019053830646,0.0115777146217606,0.0206655393437544,0.000708542718063038,0,0.00669141970511767,0.0311906278177921,0.001386185681776,0.000198424386767869,0.000722994127143203,3.56940379168273e-06,8.92350947920682e-07,0.000194854982976186,0.000722101776195283,0.00070854271770908,0,0.000166513274448399,1.35590584798352e-05,0,0.00220765293372636,4.5928358821981,0.00401217074287728,163.068052375765
435,6.89004631639661,0.221175655271791,0.0115209488766092,0.0213262916336022,0.000729172752228216,0.000106241156467313,0.00666098705718622,0.0300955344894458,0.0013598865229342,0.000197038547004864,0.000745021979431505,3.56636092003014e-06,8.91590230007535e-07,0.000193472186084834,0.000744130389201498,0.000729172751906406,0,0.000164305276166225,1.49576372889277e-05,9.65920790126357e-06,0.000102715070840452,3.01348695704269,0.00386917629868721,163.206464262327
436,6.89972104044354,0.221336930533072,0.0115696254726206,0.0219390674998996,0.000747519146157651,9.59630662092555e-05,0,0.0269872342634396,0,0.000197247160098894,0.000764465360761967,3.55924532365243e-06,8.89811330913108e-07,0.000193687914775242,0.000763575549431054,0.000747519145875885,0,0.000163787149074559,1.60564035495442e-05,6.3960652148393e-06,0,1.41130177969532,0.00346776861643542,163.36243197672
437,6.90023408820289,0.221502384126397,0.0116071012963434,0.0211726530293272,0.000723794727791265,9.08610401486974e-05,0.00668055011861105,0,0,0.000198397575813318,0.000739123461875122,3.56331403471215e-06,8.90828508678037e-07,0.000194834261778606,0.000738232633366444,0.000723794727379757,0,0.000165882472888335,1.44379059790007e-05,5.3118664723826e-06,0.00402626825847511,0,0,163.370700948358
438,6.90069713078509,0.221662706384221,0.0116404578275551,0.0204311990281972,0.00069986793601898,6.31140928695975e-05,0.00668026972709701,0,0,0.000199246250339218,0.000713728640979927,3.56331403471215e-06,8.90828508678037e-07,0.000195682936304506,0.000712837812471249,0.000699867935655082,0,0.000167688219067451,1.29698768098085e-05,2.23776516375e-06,0.00283035895386306,0,0,163.378163800403
439,6.90083923904378,0.22181784100503,0.0116470982840521,0.0197148441352519,0.000679651798892237,0.000102388008379935,0.00671064675330455,0,0,0.000200538981411429,0.000692297039953042,3.57951736577212e-06,8.9487934144303e-07,0.000196959464045657,0.000691402160611599,0.000679651798666737,0,0.000169773392221003,1.17503619411628e-05,8.03827667251435e-06,0.00283057831965926,0,0,163.380454125533
440,6.90146066548942,0.221968599899696,0.0116938273927189,0.0190197231917645,0.000659856693278381,0.000118454844588842,0,0,0,0.000202515566878259,0.000671323488102895,3.59560322221172e-06,8.9890080555293e-07,0.000198919963656047,0.000670424587297342,0.000659856693091981,0,0.000172525696037763,1.05678942025115e-05,1.80788838392647e-05,0,0,0,163.390469331411
441,6.90228264360821,0.222115067366037,0.0117573235465883,0.0183453605167915,0.000639019807558054,0,0,0,0,0.000204330341057477,0.000649370512882118,3.60360081885199e-06,9.00900204712998e-07,0.000200726740238625,0.000648469612677405,0.000639019807380222,0,0.000175165948048654,9.44980529465672e-06,0,0,0,0,163.403716281725
442,6.9016916348321,0.222257003293641,0.0117031293961445,0.0176927717799275,0.000617680729515711,7.5855951342385e-05,0.00676137039026521,0,0,0.000203813265331453,0.000627177603217308,3.60659197719852e-06,9.01647994299629e-07,0.000200206673354254,0.000626275955223008,0.000617680729352093,0,0.0001754994442804,8.59522586871807e-06,3.19306102115252e-06,0.00273306224365346,0,0,163.394191670437
443,6.9020223257558,0.222394287161575,0.0117258927845047,0.0170624013958119,0.000593765081704426,0.000103533387834298,0.00673005966194359,0,0,0.000203493021489601,0.000602338351666993,3.58958505192035e-06,8.97396262980087e-07,0.00019990343643768,0.000601440955404013,0.00059376508152532,0,0.000176152833291048,7.6758738764474e-06,8.3290333280254e-06,0.00652911936897635,0,0,163.399521069248
444,6.90269814017314,0.222526337123663,0.0117775082751241,0.0164568402724748,0.000571930903246099,8.79040220952381e-05,0.00671030272192395,0,0,0.00020405305594448,0.000579663279761292,3.57951736577212e-06,8.9487934144303e-07,0.000200473538578708,0.000578768400419849,0.000571930903116883,0,0.000177596302540262,6.8374973014602e-06,4.74358117415856e-06,0.00207694830769174,0,0,163.410412207931
445,6.90319659932552,0.22265360681265,0.0118144599926153,0.0158739185647632,0.000551799653574773,9.82831025029621e-05,0.00670325063153476,0,0,0.000204692457710397,0.000558809145842725,3.57547738692337e-06,8.93869346730843e-07,0.000201116980323474,0.000557915276495994,0.000551799653479635,0,0.000179044994250523,6.11562301532586e-06,6.86386290707941e-06,0.00348461138632913,0,0,163.418444946197
446,6.90382932583692,0.222776466995756,0.0118626719173023,0.0153118542568694,0.000536995319903008,0,0.00675384907820635,0.0234202131702174,0.0012004421054612,0.000207312275923792,0.000543402895903372,3.60260279890328e-06,9.0065069972582e-07,0.000203709673124889,0.000542502245203646,0.000536995319858944,0,0.000182229860362563,5.50692534425799e-06,0,0.00261987870043847,0.763945633806502,0.00302322106651767,163.428641154832
447,6.91131043882847,0.222896096915917,0.0118129963164037,0.0159656273051621,0.000564307088046375,7.97813276279008e-05,0,0.029760419196334,0,0.000208109384842535,0.000571541966360679,3.63625852019896e-06,9.09064630049739e-07,0.000204473126322336,0.000570632901730629,0.000564307087871377,0,0.000181900842928542,6.32581385733293e-06,3.52525762177501e-06,0,2.34329455896192,0.0038433634253496,163.549174565735
448,6.91171019983356,0.223021878763305,0.0118417128602723,0.0153907690546196,0.000540698196820915,0,0.00676739635110692,0.0311666804357191,0.00139362964688992,0.000207315183360894,0.000547220169936592,3.60957876213984e-06,9.0239469053496e-07,0.000203705604598754,0.000546317775246057,0.000540698196706317,0,0.000182077676813189,5.61957853856992e-06,0,0.00480103683252428,3.94547973630928,0.00402288491429295,163.5556142204
449,6.92049094105763,0.223142466291004,0.0117918647932525,0.0162339143911821,0.000567647571264111,8.43636736462899e-05,0.00674871068667101,0.0317824202218199,0.00140505478953673,0.000205536704015316,0.000575141790118065,3.59960585164715e-06,8.99901462911789e-07,0.000201937098163669,0.000574241888655153,0.00056764757107997,0,0.000179231195445342,6.59431757309441e-06,4.16639161887063e-06,0.0049056097358051,5.46131489374857,0.00410434316714537,163.697031111027
450,6.93035937581253,0.22326913257004,0.0118253062153737,0.0170605471343403,0.000598772548962861,8.27997306947627e-05,0.00678610254307834,0.0323172000825338,0.00142052573818776,0.000206927974445792,0.000607291589612565,3.61950277640452e-06,9.04875694101131e-07,0.000203308471669388,0.000606386713918464,0.000598772548668877,0,0.000179357569912129,7.61416524595773e-06,3.9106929536777e-06,0.00583546602751336,6.78749837033633,0.00417047477756948,163.85589733326
451,6.94030139308271,0.223402819997654,0.0118555191157987,0.0178704186443425,0.000626748589304906,9.59442668114618e-05,0,0.0325580719482407,0,0.000207359475409414,0.000636326937114845,3.62345846482975e-06,9.05864616207436e-07,0.000203736016944585,0.000635421072498637,0.000626748589022668,0,0.000178666073557128,8.67248347219927e-06,6.00621286256207e-06,0,7.83365295376492,0.00419808826209431,164.015875102027
452,6.94086749711163,0.223542837399934,0.0118974729435209,0.017230696682677,0.000605258259279035,0.000108299180094636,0.00678644826901933,0.0326686920395645,0.00142833751841706,0.000208348951374056,0.000613918115874265,3.62345846482975e-06,9.05864616207436e-07,0.000204725492909226,0.000613012251258057,0.000605258259134223,0,0.000180515162636812,7.75399212203426e-06,9.81663962342275e-06,0.000360198026098355,8.52848493802589,0.00420895387623801,164.024982123277
453,6.95117729018652,0.223678138548573,0.011952685774851,0.0180416656566493,0.000628993865623914,3.44233475704673e-05,0.00675450297099588,0.0325294088393355,0.00142160506171535,0.000207785729967773,0.00063862145468542,3.60260279890328e-06,9.0065069972582e-07,0.00020418312716887,0.000637720803985694,0.000628993865414984,0,0.000179023372680476,8.72693856791124e-06,8.54820002239017e-07,0.00716132062764974,8.82464267165599,0.0041932035845928,164.190796230174
454,6.96054465486549,0.223818830725594,0.011932926261836,0.0188211554113667,0.00065566059813675,0.000113027595842212,0,0.0325471647992437,0,0.000207362030837819,0.000666461990761759,3.60659197719852e-06,9.01647994299629e-07,0.000203755438860621,0.00066556034276746,0.000655660597826236,0,0.00017752901512917,9.89974493672587e-06,1.27171032603798e-05,0,8.70194349453212,0.00419190480385774,164.341385038236
455,6.96130426075795,0.223965579914022,0.0119905439908863,0.0181512629010334,0.000630947830639563,0.000114267985231484,0.00673390304066942,0.0323468943371436,0.00141558946631533,0.00020782050964177,0.000640649092028222,3.59259626045818e-06,8.98149065114544e-07,0.000204227913381311,0.000639750942963108,0.000630947830406972,0,0.000178990000307308,8.80311255300472e-06,1.39662037859017e-05,0.0012160834446985,8.16874915280531,0.00416323222268069,164.353593548779
456,6.9716086144165,0.224106890510806,0.0120505170590333,0.0189226735766674,0.000655558404686777,3.99402023003468e-06,0.00672408539614365,0.0321360229925445,0.00140998714931581,0.000208200274258749,0.000666269944514928,3.58656962363416e-06,8.9664240590854e-07,0.000204613704635115,0.000665373302109019,0.000655558404419998,0,0.000178391368615095,9.81489768518652e-06,7.651242517855e-08,0.00367111291217801,7.26139595971891,0.00413824991206966,164.519164819541
457,6.98053402388324,0.224253805666429,0.0119989632190193,0.0196628192716826,0.000677803746115133,2.6876743767001e-05,0.006703053723763,0.0317635452259364,0.00139978206717272,0.000206377165907997,0.00068971212387788,3.57547738692337e-06,8.93869346730843e-07,0.000202801688521074,0.00068881825453115,0.000677803745859965,0,0.000175689538829767,1.10145086672284e-05,6.26768344653244e-07,0.00277450960755259,6.06139324249266,0.00408691668872186,164.662515954568
458,6.98966515037997,0.22440580573599,0.0119694504396058,0.0203694747402164,0.000699699374029126,7.61378638989535e-05,0.00669166986592239,0.0312004994206456,0.00138641606963511,0.000205243991772957,0.00071281629471831,3.56940379168273e-06,8.92350947920682e-07,0.000201674587981274,0.000711923943770389,0.000699699373744612,0,0.000173686613184524,1.22245700210635e-05,3.29802288754822e-06,0.00278169506409279,4.61433357866904,0.00401205591887385,164.80911057004
459,6.99930030368031,0.224562822337792,0.0119882872466178,0.0210398241194272,0.000720934631321509,7.42567247538341e-05,0.00667965235987474,0.0301187948891816,0.00136155310318423,0.000205130024056743,0.000735187726896929,3.56636092003014e-06,8.91590230007535e-07,0.000201563663136713,0.000734296136666922,0.00072093463101944,0,0.000172726278052959,1.33615056422003e-05,3.12098459467306e-06,0.000367298159658744,3.03697179658062,0.00387060692620448,164.96373074431
460,7.00874135062777,0.224724717453323,0.0120042248261162,0.0216630465129478,0.000739668133921151,0.000110309708968775,0.00667290912067022,0.0270791370327942,0.00128933666352277,0.000204750762662994,0.000755017504525704,3.55924532365243e-06,8.89811330913108e-07,0.000201191517339341,0.000754127693194791,0.000739668133658567,0,0.000171604792125331,1.44595595314043e-05,1.19063286214282e-05,0.00394927795057586,1.43680249496311,0.00347769128601311,165.115170094234
461,7.01813094960273,0.224890939165728,0.0120553489427585,0.0221943558103339,0.00075775529495412,0.000112319821773981,0,0,0,0.000205649965769781,0.000774036704609251,3.56331403471215e-06,8.90828508678037e-07,0.000202086651735069,0.000773145876100573,0.000757755294688114,0,0.000171776440078646,1.5390581407404e-05,1.31803212360839e-05,0,0,0,165.265719608397
462,7.01883637118212,0.225061351465668,0.0121074825903396,0.0214173527383579,0.000734045159111148,0.000105575605468697,0.00668988383528394,0,0,0.000207195032123038,0.000748750496231591,3.56940379168273e-06,8.92350947920682e-07,0.000203625628331355,0.00074785814528367,0.000734045158713238,0,0.000174263822187863,1.38129865633762e-05,9.33404077275927e-06,0.000973685089668317,0,0,165.277027490937
463,7.01947061518234,0.225226556661214,0.0121538131646698,0.0206653126259348,0.0007123021676885,0,0.0067156562527289,0,0,0.000209050575506219,0.000725623667591663,3.58254253519592e-06,8.95635633798979e-07,0.000205468032971023,0.000724728031957864,0.000712302167399467,0,0.000176975946430658,1.24258645536137e-05,0,0.00166744955188593,0,0,165.287194089676
464,7.01882916344094,0.225386986025745,0.0120953837534883,0.019936152289462,0.000691570906448876,8.62908231901874e-05,0.00673758499296453,0,0,0.000209328255041258,0.000703835641268419,3.59960585164715e-06,8.99901462911789e-07,0.000205728649189611,0.000702935739805508,0.000691570906218856,0,0.000178065813069024,1.1364833583048e-05,4.43022348779231e-06,0.000230818677071614,0,0,165.27691195294
465,7.01924820610602,0.225542857107972,0.0121242407378931,0.0192287577355084,0.000669509560484734,6.73283353329202e-05,0.00676169204227194,0,0,0.000210518651646762,0.000680628996441351,3.60659197719852e-06,9.01647994299629e-07,0.000206912059669563,0.000679727348447051,0.000669509560259168,0,0.000180131677390318,1.02177881845828e-05,2.4782634585607e-06,0.0040494328125824,0,0,165.283629022201
466,7.01944610190708,0.225693860207105,0.0121350516361429,0.018544450911293,0.00064727346897667,0.000118245103238313,0.00676666075314082,0,0,0.000211157426219278,0.000657373230381575,3.60957876213984e-06,9.0239469053496e-07,0.000207547847457139,0.00065647083569104,0.00064727346877766,0,0.000181656908826516,9.19736691065395e-06,1.72730527570598e-05,0.00208296937967677,0,0,165.286801160177
467,7.02027547072257,0.225839945854928,0.0121977758341371,0.0178833519800594,0.000626603795585115,9.38349131124524e-05,0.00678213172846462,0,0,0.000212985435378146,0.000635728403988902,3.61752193372209e-06,9.04380483430522e-07,0.000209367913444424,0.000634824023505472,0.000626603795437256,0,0.000184303761720588,8.22022806633608e-06,5.60916237073131e-06,0.00375794843055304,0,0,165.300095079721
468,7.02081559323169,0.225981458022196,0.0122368555247846,0.0172438160051017,0.000603943868567812,0.000110445787406833,0.00676872090390491,0,0,0.000213519950124273,0.00061218633337167,3.61057338054736e-06,9.02643345136839e-07,0.000209909376743726,0.000611283690026533,0.000603943868413886,0,0.000185751622108952,7.33982161082503e-06,1.10663953140707e-05,0.00245202505914275,0,0,165.308752412197
469,7.02156962109219,0.226117938138178,0.0122935674481004,0.0166278212142328,0.000582085332166438,5.45815993875297e-06,0.00675464016456051,0,0,0.000214349643230967,0.000589521490476335,3.60360081885199e-06,9.00900204712998e-07,0.000210746042412115,0.000588620590271621,0.000582085332042767,0,0.000187462629215887,6.5352582274956e-06,1.05226165360469e-07,0.00127966915261702,0,0,165.320837962597
470,7.02105136622174,0.226249558073308,0.012246236425811,0.0160345026453265,0.000559796606873004,0.000112441216035777,0.0067297769259261,0.0236018012079678,0.00120354421224053,0.000212939134398318,0.000566596049820822,3.58958505192035e-06,8.97396262980087e-07,0.000209349549346397,0.000565698653557842,0.000559796606759994,0,0.000186957685156894,5.90204679667787e-06,1.26804496181218e-05,0.0038729941990522,0.790260855138584,0.00304199623798998,165.312531423662
471,7.03002710546164,0.226376211808224,0.0123071450224915,0.0166677865896895,0.00058166606510753,0.000107906712633352,0.00673570337697187,0.0294860544846498,0.00135259565415243,0.000213914367214847,0.00058911119175967,3.59259626045818e-06,8.98149065114544e-07,0.000210321770954389,0.000588213042694556,0.000581666064983175,0,0.000187055128440898,6.54697771001144e-06,1.00600511424186e-05,0.00649832936069849,2.36762263722701,0.00380281582756625,165.456366056636
472,7.03995342087055,0.226507887168581,0.0123623283348889,0.0174274682461815,0.000609597787577577,9.33554908419067e-05,0.00676164149653443,0.0311567563190268,0.00139281548589203,0.0002153933227916,0.000617913925274701,3.60659197719852e-06,9.01647994299629e-07,0.000211786730814402,0.000617012277280401,0.000609597787339809,0,0.000187402819477964,7.41448993777586e-06,5.5712391916909e-06,0.00376451565196602,3.96779193884452,0.00401549009070892,165.615365248605
473,7.0499653494128,0.226645965875467,0.0124014169924671,0.0181984191016569,0.000637972362715524,0.000101028405655823,0.00678775638419504,0.0319630076705643,0.00141311787368944,0.00021658442143803,0.000647262300815497,3.62049244964821e-06,9.05123112412052e-07,0.000212963928988382,0.000646357177703085,0.00063797236242851,0,0.000187445034672857,8.38481527091909e-06,7.27030999289221e-06,0.00407086939333373,5.48171986649067,0.00411609924821588,165.775663299732
474,7.06019999977715,0.226790559737817,0.0124466497465908,0.0189602109198427,0.00066413637987674,0,0.00679268981129438,0.0323550807629948,0.00142207984030003,0.000217233318827355,0.000674423201402888,3.62345846482975e-06,9.05864616207436e-07,0.000213609860362525,0.000673517336786681,0.000664136379593153,0,0.000187044405351083,9.38095718966382e-06,0,0.00209843558205352,6.80623473378059,0.00416332649193122,165.939452180301
475,7.06925042724183,0.226941179599151,0.0123894901196751,0.0197037182543686,0.00068493950396575,6.16028328131185e-05,0.00675431896720058,0.0323813915148566,0.00141846114779082,0.000214686007563066,0.000696350850104761,3.60260279890328e-06,9.0065069972582e-07,0.000211083404764163,0.000695450199405035,0.000684939503754939,0,0.000183685824736138,1.05106956469945e-05,2.09548349544332e-06,0.00481350486405505,7.85107304137277,0.00416343513649781,166.084226360694
476,7.07903056469215,0.227096620578135,0.0123932381359707,0.0204217923231295,0.000707519425251307,8.52840855455112e-05,0.00674253739168353,0.0324381774591196,0.00141840855776367,0.000214099429202713,0.000720042305902571,3.59660459438851e-06,8.99151148597127e-07,0.000210502824608325,0.000719143154753974,0.000707519424966321,0,0.00018220204776851,1.16237297831877e-05,4.2995823810068e-06,0.00246027994414898,8.54503078528174,0.00416824983327353,166.240606760295
477,7.0890971497186,0.227257295848603,0.0124196361785822,0.0211161711170284,0.000730399616646093,0.000106588857240387,0.00674271467217674,0.0324794285225725,0.00141929143255559,0.000214271305007376,0.000744041936939451,3.59660459438851e-06,8.99151148597127e-07,0.000210674700412988,0.000743142785790854,0.00073039961631499,0,0.00018145871593866,1.27431694703814e-05,9.42136492681782e-06,0.00293498935009869,8.84081589207951,0.00417073328292308,166.401495319678
478,7.099426853342,0.227423284490371,0.0124661952776563,0.021787466221879,0.000756850515127514,0.000104578723549642,0.00678184552708108,0.0326443939559049,0.00142703500859977,0.000216048627640696,0.0007716765138619,3.61752193372209e-06,9.04380483430522e-07,0.000212431105706974,0.000770772133378469,0.000756850514635452,0,0.000182157085378525,1.39216187344651e-05,8.41250637764172e-06,0.00269094519336033,8.71827109554582,0.00418902161268545,166.566513348861
479,7.10977663894556,0.22759540992039,0.0125092317040883,0.0224388643184445,0.000777459896784227,9.82991393279358e-05,0.00677289622610157,0.0325307714058757,0.00142372675159525,0.000216288513393166,0.00079339522717405,3.61355429192169e-06,9.03388572980422e-07,0.000212674959101244,0.000792491838601069,0.000777459896451564,0,0.000181576563411955,1.50319421434549e-05,6.60450106086313e-06,0.00107588635100049,8.18574762104957,0.00417152224036873,166.731775327729
480,7.12002375553055,0.227772356224295,0.0125449358111044,0.0230652792736578,0.000793363150873783,0,0.00673535813139232,0.0321911844708041,0.00141237944668412,0.00021539175749322,0.000810343217793335,3.59259626045818e-06,8.98149065114544e-07,0.000211799161232762,0.00080944506872822,0.000793363150653604,0,0.00018006463531529,1.60819180704358e-05,0,0.00354559261861006,7.27953606334104,0.00412517146960804,166.895322270827
481,7.12898441939522,0.227953062418511,0.0124816495355923,0.0236634900861717,0.00080867274722938,6.36515115843922e-05,0,0.0317687417842636,0,0.000213045708392374,0.000826946717227592,3.57547738692337e-06,8.93869346730843e-07,0.000209470231005451,0.000826052847880862,0.000808672747001509,0,0.000177123321234064,1.73801008747926e-05,2.25942476163114e-06,0,6.08037294936712,0.00406840326805408,167.038275477603
482,7.12906485181529,0.228137401847736,0.0124815727580751,0.0228330494401944,0.000780617376136926,0,0.00669093152947111,0.0312099510857518,0.00138657508983797,0.000213015532706456,0.000797179856671018,3.56940379168273e-06,8.92350947920682e-07,0.000209446128914774,0.000796287505723097,0.000780617375463388,0,0.000178221434230554,1.56701302470348e-05,0,0.00157379994804538,4.63509328270305,0.00399504711112968,167.03955838967
483,7.13787264688889,0.228315489867765,0.0124192131835996,0.0234187239154405,0.000798614996178323,7.29499524113617e-05,0,0.0301409719903389,0,0.000211538812729295,0.000816493673279757,3.56636092003014e-06,8.91590230007535e-07,0.000207972451809265,0.00081560208304975,0.000798614995872222,0,0.000176027852121243,1.69870871714597e-05,3.00015027096841e-06,0,3.05967177962446,0.00386118007234149,167.180016415201
484,7.13807502175352,0.228497826041834,0.0124291312203017,0.0225988160765048,0.000771628981827815,0,0,0.027190831696836,0,0.000211853810387996,0.00078782888289983,3.56331403471215e-06,8.90828508678037e-07,0.000208290496353284,0.000786938054391152,0.000771628981223135,0,0.000177425337406549,1.53090731567599e-05,0,0,1.46147081205901,0.00348173537879213,167.183243039339
485,7.13739051969128,0.228674141586692,0.012367369535711,0.0218073274580064,0.000745950639183516,0,0.00668027827683056,0,0,0.000211118659716426,0.000760796369576719,3.56331403471215e-06,8.90828508678037e-07,0.000207555345681714,0.00075990554106804,0.000745950638701127,0,0.000177717320383118,1.39549023584006e-05,0,0.00285622880439709,0,0,167.172329358456
486,7.13671969692202,0.228844721208774,0.0123069710171292,0.0210428233106961,0.000722275242632983,7.88009888705827e-05,0,0,0,0.000210753724378582,0.000735904622462225,3.56940379168273e-06,8.92350947920682e-07,0.000207184320586899,0.000735012271514304,0.000722275242272514,0,0.000178293311088876,1.27370292357637e-05,3.57850237558193e-06,0,0,0,167.161633455604
487,7.13703548294114,0.22901001008531,0.0123265932411237,0.0203031833042336,0.000700153209951947,0,0.00671024657903832,0,0,0.000211985768848354,0.000712540632948145,3.57951736577212e-06,8.9487934144303e-07,0.000208406251482582,0.000711645753606702,0.000700153209678931,0,0.000180400123247664,1.14925439234967e-05,0,0.00199045968782605,0,0,167.166668531274
488,7.13638615324659,0.229170352178982,0.0122683370793727,0.0195867706218539,0.000681625243759156,7.92711433628516e-05,0.00676058997354904,0,0,0.000212872022064835,0.00069306406037591,3.60659197719852e-06,9.01647994299629e-07,0.000209265430087636,0.00069216241238161,0.000681625243592108,0,0.000182000420440352,1.0537168787028e-05,3.54040411812166e-06,0.00152783101460339,0,0,167.156315164308
489,7.13672617001134,0.229326560476149,0.0122901741708148,0.0188898391760868,0.000661015568076408,6.54645165927165e-05,0,0,0,0.000214358417375529,0.000671418723170804,3.62049244964821e-06,9.05123112412052e-07,0.00021073792492588,0.000670513600058392,0.000661015567897681,0,0.000184297302317499,9.49803215823737e-06,2.32791032161594e-06,0,0,0,167.161736667013
490,7.13690393065936,0.229478148902797,0.0122990238456565,0.0182144822040845,0.000639426676233298,8.79051587730321e-05,0,0,0,0.000215142803261393,0.000648886790799414,3.62641995188994e-06,9.06604987972486e-07,0.000211516383309503,0.000647980185811442,0.000639426676063214,0,0.00018593931637353,8.55350974602524e-06,4.57024442396025e-06,0,0,0,167.164570993943
491,7.13737004954095,0.229624883352818,0.0123312672619658,0.0175616467462415,0.000619792677335277,0,0.00682447398095976,0,0,0.00021679730513586,0.000628390892778616,3.6401795468892e-06,9.10044886722299e-07,0.000213157125588971,0.000627480847891893,0.000619792677214085,0,0.00018836541857963,7.6881706763454e-06,0,0.00316435173250321,0,0,167.172002977831
492,7.13675359079738,0.229767203174054,0.0122763560044003,0.0169292906270163,0.000596470275588889,0.000100674437154019,0.00680418162535397,0,0,0.000215455131918231,0.000604329941749793,3.62937688342127e-06,9.07344220855318e-07,0.00021182575503481,0.000603422597528938,0.00059647027543866,0,0.000187966944118954,6.9523220885678e-06,7.10431875748179e-06,0.00302397635853192,0,0,167.162173882643
493,7.13740015117571,0.229904252481052,0.012323423077894,0.0163211199565004,0.000578641488341049,0.000113023740334682,0.00683611031572858,0,0,0.000217588086364432,0.000585790638755202,3.64702126789796e-06,9.11755316974489e-07,0.000213941065096534,0.000584878883438227,0.00057864148826577,0,0.000190795405619131,6.23739517166175e-06,1.19024692971073e-05,0.00133091368629922,0,0,167.17248292488
494,7.13820667982172,0.230037284619884,0.0123834437530502,0.0157314988962567,0.000562041921035468,0,0.00687825209948968,0.0242005883181656,0.00123235176256239,0.00022029352604129,0.000568548323495848,3.67028017621921e-06,9.17570044054803e-07,0.000216623245865071,0.000567630753451793,0.000562041920979737,0,0.000194141569067093,5.58883247151008e-06,0,0.00078090278531912,0.815724469284903,0.00311992462521383,167.185342153417
495,7.14612304459616,0.230166575217241,0.0123309176246533,0.0163914905226871,0.000580434228493133,0,0,0.0298854762451188,0,0.00021745745921489,0.000587646644118568,3.64311485601412e-06,9.10778714003529e-07,0.000213814344358876,0.000586735865404565,0.000580434228412066,0,0.000190596975279487,6.3016369916362e-06,0,0,2.3911459723635,0.00385454668076213,167.311535433065
496,7.14552421352302,0.230300171775753,0.0122778401565319,0.0158000011697057,0.000564168946807317,0.000115430400056797,0.00685711840136943,0.0316690504667347,0.00141500883119646,0.000218329680705689,0.000570838307361525,3.66931730706031e-06,9.17329326765078e-07,0.000214660363398629,0.00056992097803476,0.000564168946752014,0,0.000192093605568881,5.75203128219182e-06,1.30170965630502e-05,0.000120028944921792,3.98934693992894,0.00408243055259406,167.301991140652
497,7.15614997878046,0.230430099981113,0.0123408983447448,0.0166404346516751,0.000590050270030179,9.62558657604147e-05,0,0.0322145278456742,0,0.000217936283890056,0.00059754810941328,3.64994554081154e-06,9.12486385202886e-07,0.000214286338349245,0.000596635623028077,0.000590050269860774,0,0.000190684327672299,6.58535316545145e-06,5.92459116183002e-06,0,5.50141261719363,0.0041554386497072,167.471308855162
498,7.15674338058554,0.23056606532383,0.0123835520711195,0.0160389946671511,0.000573561108742726,7.41660522000699e-05,0.00689204869631713,0.0328062049182123,0.00144237460135162,0.000220509796415312,0.000580401439507581,3.67604575826753e-06,9.19011439566882e-07,0.000216833750657045,0.000579482428068014,0.000573561108683554,0,0.000193891306352559,5.92131938385908e-06,2.91141082036623e-06,0.00513278206745272,6.82429822705864,0.00422797040790278,167.480762130322
499,7.16704940349838,0.230698309051895,0.0124046077787655,0.0168970976728762,0.000598726354774999,0.000111375229820682,0,0.0327836844308005,0,0.000218893323915048,0.000606453508858863,3.64897131245823e-06,9.12242828114558e-07,0.000215244352602589,0.000605541266030748,0.000598726354606647,0,0.000191295298533805,6.81491142222757e-06,1.09357821245796e-05,0,7.86785130138353,0.00422714084352587,167.644903861108
500,7.1678264387726,0.230836434209527,0.0124618284877538,0.0162866608466014,0.000579131837046558,0,0,0.032962078933937,0,0.000220631928859894,0.000586130383039153,3.65675022370281e-06,9.14187555925702e-07,0.000216975178636191,0.000585216195483227,0.000579131836958435,0,0.000193809905221061,6.08435852388273e-06,0,0,8.56095542270605,0.00424657252203616,167.657276472731
501,7.16722250863127,0.230970118937728,0.0124084084319677,0.0156965742624183,0.000557599524555455,0.000111210707385435,0.00684099795423844,0.0329368692332309,0.00143963689996461,0.000219470709292441,0.000564011089436152,3.64897131245823e-06,9.12242828114558e-07,0.000215821737979983,0.000563098846608038,0.00055759952446223,0,0.000193517757070744,5.49932214490153e-06,1.08495216071041e-05,0.00332387145482737,8.85637669056676,0.00424532188061094,167.647660224247
502,7.17799938698447,0.231098907766234,0.0124673954887822,0.0165683970605313,0.000584080802756865,0,0,0.0327324503829193,0,0.00021883956594513,0.000591325763359852,3.62740610325793e-06,9.06851525814483e-07,0.000215212159841872,0.000590418911834037,0.000584080802584675,0,0.000191848927859788,6.33810924753012e-06,0,0,8.73398263376772,0.00422168198232745,167.819219264183
503,7.17739481731975,0.231233888201798,0.0124139379915456,0.0159730983128387,0.000565736142205153,0.000115418832815545,0.00682472856320852,0.0327634869897733,0.00143419335775505,0.000218921802421198,0.000572412898698135,3.6401795468892e-06,9.10044886722299e-07,0.000215281622874309,0.000571502853811412,0.000565736142132673,0,0.000192652177241868,5.76671167801311e-06,1.36830637190412e-05,0.00448930907627603,8.20211420501401,0.00422180503466277,167.809597190575
504,7.18819556379294,0.231364705569657,0.0124767989680687,0.0168310322533872,0.000593017607088049,7.21205290962551e-05,0.00680033435686455,0.0324926487128329,0.00142582403661494,0.000218893122019144,0.000600548792537174,3.62740610325793e-06,9.06851525814483e-07,0.000215265715915886,0.00059964194101136,0.000593017606894149,0,0.00019154501177453,6.62433411509041e-06,2.8212990613396e-06,0.00258546527466274,7.29701735877108,0.00418962718031453,167.98145832132
505,7.19838971764785,0.231501908913718,0.0124950179242747,0.0176522882996968,0.000617307664980365,9.98051880598705e-05,0.00676184785947882,0.0320356966980764,0.0014119014105333,0.00021760888653486,0.00062574912055385,3.60659197719852e-06,9.01647994299629e-07,0.000214002294557662,0.000624847472559551,0.000617307664795039,0,0.000189309988088069,7.53980776230798e-06,7.04003419983007e-06,0.00528168508181056,6.09865818031012,0.00412694667147997,168.143591755822
506,7.20882918362271,0.231644816816548,0.0125398799447402,0.0184343295237905,0.000641635782195718,0.000115018547746294,0.00674039692458665,0.0314326663188318,0.00139663644396275,0.00021739612785332,0.000650997220691223,3.59560322221172e-06,8.9890080555293e-07,0.000213800524631108,0.00065009831988567,0.000641635781976856,0,0.000188135093490257,8.46253790601659e-06,1.45103983473066e-05,0.00198375757949391,4.65511345997788,0.00404602391205943,168.309550814331
507,7.21934758347535,0.231793448419778,0.0125987779130975,0.0191757569057342,0.000663426357536055,7.95449746317972e-05,0.00671063516059795,0.0302624411268634,0.00136769346106324,0.000217129360165004,0.000673677845701283,3.57951736577212e-06,8.9487934144303e-07,0.000213549842799232,0.00067278296635984,0.000663426357332535,0,0.000187012788629687,9.35660902453596e-06,3.63637982602016e-06,0.00279638861933057,3.08158312842884,0.00389224680331297,168.476687122155
508,7.22921658452988,0.231947226302964,0.0126211466759907,0.0198654717666613,0.000684297106427372,9.20267644160812e-05,0.0066918251375433,0.0273102771438883,0.00129677869313405,0.000216613229719335,0.000695485017416508,3.56940379168273e-06,8.92350947920682e-07,0.000213043825927653,0.000694592666468588,0.000684297106213663,0,0.000185671941804372,1.02955602518359e-05,5.50058775321396e-06,0.00331700543932678,1.48530067737626,0.00350975927386542,168.63343386903
509,7.23874495923922,0.232105947118767,0.0126550283441612,0.0204624375617577,0.000705133784994258,0,0.00670301520850221,0,0,0.000217315350197234,0.000717201071552424,3.57547738692337e-06,8.93869346730843e-07,0.000213739872810311,0.000716307202205693,0.000705133784757257,0,0.000185534521554892,1.11734174448426e-05,0,0.00266815353206208,0,0,168.784705728869
510,7.23807800912333,0.232269612863778,0.0125957705753278,0.0197408638098575,0.000680162588510797,8.11412229358797e-05,0.00669162306571571,0,0,0.000216229784145247,0.000691204144014389,3.56940379168273e-06,8.92350947920682e-07,0.000212660380353564,0.000690311793066468,0.000680162588209234,0,0.000185453877002787,1.01492048529097e-05,3.84837024343915e-06,0.00265265939858929,0,0,168.774119342027
511,7.23844334660486,0.232427593964896,0.0126190233315022,0.0190453669531824,0.000662283851894338,0.000103877318538029,0.00674269553469799,0,0,0.000218570810987715,0.000672373103738456,3.59660459438851e-06,8.99151148597127e-07,0.000214974206393327,0.000671473952589859,0.000662283851761195,0,0.000188482852404589,9.19010082687946e-06,8.37845886279546e-06,0.00287510536956655,0,0,168.779918320903
512,7.23910056877899,0.232581527007114,0.0126656070308375,0.0183686515012017,0.000640309817290709,0.000102846361050554,0.00674668362857615,0,0,0.000219846053272188,0.000649437426247676,3.59960585164715e-06,8.99901462911789e-07,0.000216246447420541,0.000648537524784764,0.0006403098171169,0,0.000190634054847263,8.22770766569598e-06,8.00015668063289e-06,0.0010470756809709,0,0,168.790350131907
513,7.23975499853729,0.232730451242177,0.0127120680754546,0.0177148573839665,0.00062255012985624,5.42173230774574e-05,0.00679223325633429,0,0,0.0002223943536673,0.000630862112550821,3.62345846482975e-06,9.05864616207436e-07,0.000218770895202471,0.000629956247934614,0.000622550129758852,0,0.000193868890077295,7.40611817463116e-06,1.65980131076826e-06,0.00155130024806305,0,0,168.800737319629
514,7.23980402919521,0.232875337614819,0.0127104591463032,0.0170796323910081,0.000603811507415739,0,0.00682486311612352,0,0,0.000223667045513615,0.000611416406308461,3.6401795468892e-06,9.10044886722299e-07,0.000220026865966726,0.000610506361421739,0.000603811507321965,0,0.000195874405739124,6.69485409875539e-06,0,0.0057650423266334,0,0,168.801515528049
515,7.23917869424632,0.233015950423464,0.0126554043444577,0.0164639284748084,0.00058415126195124,9.0054926012717e-05,0.00684088611480426,0,0,0.000223503366515569,0.000591146602264998,3.64897131245823e-06,9.12242828114558e-07,0.000219854395203111,0.000590234359436884,0.000584151261861151,0,0.000196488344793601,6.0830975748108e-06,4.81252896279189e-06,0.00292628167076674,0,0,168.791590164466
516,7.23969690958619,0.233152066984959,0.0126914027438508,0.0158686392357655,0.000563295864401427,0.000117180896774683,0.00683557160020217,0,0,0.000224218141630475,0.000569639060483833,3.64604545373802e-06,9.11511363434504e-07,0.000220572096176737,0.000568727549120398,0.000563295864313899,0,0.000198040261670018,5.43168480566733e-06,1.49879833991106e-05,0.00358058817754063,0,0,168.799815336944
517,7.24056689230519,0.233283400580068,0.012755452719819,0.0152949499527515,0.000541703829595836,0.000100715089426597,0.00681038723195327,0,0,0.000224813040235333,0.000547427968691352,3.63331232499009e-06,9.08328081247522e-07,0.000221179727910343,0.000546519640610104,0.000541703829514971,0,0.000199511574793355,4.81581109442147e-06,7.08580102746084e-06,0.0013138731466141,0,0,168.813623378393
518,7.24124018278087,0.233409771091544,0.0128040055087377,0.0147435708810823,0.000524179116195246,3.98310421264797e-05,0.00683020282308939,0.0242841822482255,0.00123061544316392,0.000226520721096141,0.000529396949076334,3.64311485601412e-06,9.10778714003529e-07,0.000222877606240127,0.000528486170362331,0.000524179116149534,0,0.000201910441631691,4.30705421242301e-06,1.028845567764e-06,0.00428540277015458,0.84032950308651,0.00313133792091743,168.824309230278
519,7.24977429745543,0.233532119619066,0.0127923236349452,0.0154409374520071,0.000551144913554681,0.000113213854527535,0.00686654155802114,0.0300604918991805,0.00137892163357787,0.000227212958194644,0.000557023689683593,3.66256184707512e-06,9.15640461768779e-07,0.000223550396347569,0.000556108049221824,0.000551144913426377,0,0.00020150459991073,4.96313579430329e-06,1.1728498167046e-05,0.00360493203362073,2.41385983463554,0.00387783871978209,168.959727430151
520,7.26026389560689,0.233660829658946,0.0128526282470938,0.016258792023979,0.000587122761003167,0.000111211985905011,0.00695678214629228,0.032014434010008,0.00143213687008674,0.000230943921844639,0.000593841838251581,3.71114744868715e-06,9.27786862171787e-07,0.000227232774395952,0.000592914051389409,0.000587122760730546,0,0.000203747864169238,5.79129065621307e-06,9.9452544331112e-06,0.00171844531357334,4.01014228568813,0.00412731150235427,169.126105281938
521,7.27108412213602,0.233798017250393,0.0129087233183239,0.0170927533105411,0.000615142512150432,8.69848936712768e-05,0.00694506152498677,0.0326746678044652,0.00144525366948992,0.000231165489516697,0.000622698130538523,3.70456765181609e-06,9.26141912954023e-07,0.000227460921864881,0.000621771988625569,0.000615142511950829,0,0.000202855221528012,6.62947667262874e-06,4.1870877140049e-06,0.00277020662041436,5.5203928451865,0.00420881260342158,169.297646912033
522,7.28168251134955,0.23394183635006,0.012939171717363,0.0179107608992868,0.00063688124946289,6.17676167591874e-05,0.00687076497836222,0.0327284563615916,0.00143856524574338,0.00022896182301819,0.000645277658396901,3.66642539651482e-06,9.16606349128705e-07,0.000225295397621675,0.000644361052047772,0.000636881249318,0,0.000199820147746631,7.47980272811013e-06,2.0392530341378e-06,0.000726557620196656,6.84169043330791,0.00421205699371515,169.465592586174
523,7.29191394677517,0.234090829519097,0.0129435749282256,0.0186993732813082,0.000672915452952082,3.40391522405998e-05,0.00696825466735713,0.0333698253987363,0.0014626042949585,0.000231831135538933,0.000682428479010792,3.7167640126411e-06,9.29191003160275e-07,0.000228114371526292,0.000681499288007632,0.000672915452489564,0,0.000201197753724392,8.58383551233526e-06,8.0784399041768e-07,0.00411193594007281,7.88399080296939,0.0042910797587355,169.62764936595
524,7.30194770066028,0.234248352855674,0.0129181509916936,0.0194746914519755,0.000696224845279715,0.000105278558308758,0.00693295241010936,0.0333295853606997,0.00145800432933654,0.000229921117093059,0.000706791536754265,3.69890482115789e-06,9.24726205289473e-07,0.000226222212271901,0.000705866810548976,0.000696224845051197,0,0.000198373218610267,9.64196549472021e-06,7.87297227671164e-06,0.00111188328250541,8.5762629064613,0.00428277159006206,169.78650455627
525,7.31284830585458,0.234411442378898,0.012963050391983,0.02022102324946,0.000713346172213762,0.000111573025521577,0.00685380775773969,0.0329981069330834,0.00144232138478135,0.000227703141934123,0.000724811479765229,3.6557797314213e-06,9.13944932855325e-07,0.000224047362202701,0.000723897534832373,0.000713346172070451,0,0.000195513515404716,1.05513627598829e-05,1.09305100311196e-05,0.00351820718118607,8.87132954396442,0.0042372989558705,169.959004844497
526,7.32372036239172,0.234578658884042,0.0130136352970574,0.0209336047914268,0.000735991487832355,8.05345796677608e-05,0.00684132199239468,0.0329218542593542,0.00143934056061724,0.000227853984370139,0.000748454278286106,3.64897131245823e-06,9.12242828114558e-07,0.000224205013057681,0.000747542035457992,0.000735991487547773,0,0.00019476535371864,1.15505479059391e-05,3.57601870383953e-06,0.00548162576419172,8.74908241175359,0.00422421693826327,170.130971603637
527,7.33417399955587,0.234751306780208,0.0130320267858974,0.0216194796119371,0.000758930453745199,0,0.0068413913611409,0.0328419674328657,0.00143765501673182,0.000227877057227358,0.000772480927146502,3.64897131245823e-06,9.12242828114558e-07,0.0002242280859149,0.000771568684318387,0.000758930453415748,0,0.000193870867960528,1.2638230897406e-05,0,0.0063663099638124,8.21785244986603,0.00421080783569432,170.296243248739
528,7.3435898946122,0.23492946669598,0.0129687431078327,0.0222796204278585,0.000787174386652853,0.000101009139567388,0.00688852629396838,0.0329366891804462,0.00144516521029563,0.000228346245685654,0.000802111693017219,3.67892102456134e-06,9.19730256140335e-07,0.000224667324661093,0.000801191962761079,0.000787174386092821,0,0.000193180349515461,1.40175766587984e-05,6.83410346715225e-06,0.000291558485279182,7.31384210230537,0.00422013375977284,170.44504385746
529,7.35433267810616,0.235114397154833,0.0130050596538768,0.0229177518175847,0.000805173860083909,9.9785948205697e-05,0.00686547903412508,0.0325194614764842,0.00143352128855897,0.000227750702653505,0.000821145606597372,3.66352855299479e-06,9.15882138248699e-07,0.000224087174100511,0.000820229724459123,0.000805173859830516,0,0.000191880219838406,1.50558646241306e-05,6.63534414934615e-06,0.000755069987528595,6.11624954552687,0.00416460814972956,170.614739083634
530,7.36497768710587,0.235303705121552,0.0130393157632014,0.0235252250030126,0.00081767997554434,0,0.0068042400541043,0.0317167144598483,0.00140954493097546,0.00022596096856469,0.000834582972493696,3.62937688342127e-06,9.07344220855318e-07,0.000222331591681269,0.000833675628272841,0.000817679975408494,0,0.000189624392733404,1.59956528618461e-05,0,0.00323394551966383,4.67439271709804,0.00405913670394711,170.782811798899
531,7.37418891462171,0.235496108249401,0.0129733547607024,0.0240953469436649,0.000834802370266666,0.000116410975811585,0.00679066069990269,0.030617740984141,0.00138397599254608,0.000224211873171303,0.000852970035443201,3.62345846482975e-06,9.05864616207436e-07,0.000220588414706474,0.000852064170826993,0.000834802369985066,0,0.000187196320044491,1.72618008364774e-05,1.4948465541741e-05,0.000817186613722469,3.10270226558111,0.00391602481445495,170.928184135277
532,7.3847015583315,0.235692700958756,0.0130232003640782,0.0246217736687796,0.000845496038360699,0,0.00673798044747229,0.0275513194357311,0.00130712071286992,0.000223120241586429,0.000864483675188907,3.59560322221172e-06,8.9890080555293e-07,0.000219524638364217,0.000863584774383354,0.000845496038241273,0,0.000185704796891696,1.80887361396974e-05,0,0.000713845835725444,1.50828629790569,0.0035223642724472,171.094024707253
533,7.39319219865654,0.235891978203687,0.0129562033753797,0.025059872956892,0.000861326430669187,0,0.00675633430219822,0,0,0.000222285404912834,0.000881473055875256,3.60360081885199e-06,9.00900204712998e-07,0.000218681804093982,0.000880572155670543,0.000861326430387758,0,0.000184228747009696,1.92457252769449e-05,0,0.00647727469798739,0,0,171.227912463956
534,7.39242426692431,0.236095158199297,0.0128885643223672,0.024174136322839,0.000829333547449981,0,0.00673004732850183,0,0,0.000220634069855838,0.000847702760639657,3.58958505192035e-06,8.97396262980087e-07,0.000217044484803917,0.000846805364376676,0.000829333546427196,0,0.000183871143440491,1.74718179293545e-05,0,0.00633947468886687,0,0,171.215805072488
535,7.39167518109901,0.236290959834382,0.0128227253628368,0.0233221097761026,0.000801651226971865,1.85113709301743e-05,0.00672973948631333,0,0,0.000219861962552667,0.000818470767736369,3.58958505192035e-06,8.97396262980087e-07,0.000216272377500746,0.000817573371473389,0.000801651226297814,0,0.000184206328785559,1.59221451630021e-05,3.98614963337859e-07,0.00367501311613386,0,0,171.203994423107
536,7.39117775372459,0.236480382772256,0.0127768811136011,0.0224992727410953,0.000781293367752919,0,0.00678603865642802,0,0,0.000221247290670807,0.00079678326865135,3.61950277640452e-06,9.04875694101131e-07,0.000217627787894403,0.000795878392957249,0.000781293367435788,0,0.000186376053361203,1.45850255158698e-05,0,0.00513074170269721,0,0,171.196151398627
537,7.39045228398441,0.236665143326919,0.0127133897784807,0.0216980374628364,0.000759733052101502,0.000106347472626016,0.00682723485697302,0,0,0.000221922913263478,0.000773999709740404,3.64311485601412e-06,9.10778714003529e-07,0.000218279798407464,0.0007730889310264,0.000759733051790876,0,0.000187890476502371,1.33558792303421e-05,8.78343333874419e-06,0.000757424883415476,0,0,171.18471248813
538,7.39109684118695,0.236844945658585,0.0127572569842765,0.020919573328177,0.00073918984352563,0.000102846867933605,0.00687872969800702,0,0,0.000224622084275765,0.000752141988320597,3.66931730706031e-06,9.17329326765078e-07,0.000220952766968705,0.000751224658993832,0.000739189843283569,0,0.000191385173372999,1.20348157064994e-05,7.39851636226351e-06,0.00221849290091534,0,0,171.194875620549
539,7.3917044381814,0.237020019036906,0.012798298389176,0.0201627991378572,0.0007169380619945,5.00501585539633e-05,0.00690985101882297,0,0,0.000226672113013474,0.000728666718946656,3.68561027784264e-06,9.21402569460661e-07,0.000222986502735631,0.000727745316377195,0.000716938061750265,0,0.000194308980408634,1.08072546233928e-05,1.41929530848781e-06,0.00413607420799013,0,0,171.204455719399
540,7.39164535078898,0.237189947710009,0.0127873789298403,0.0194294034699333,0.000693782151419928,3.13139119298732e-05,0.00692777533313564,0,0,0.000227382709833581,0.000704459596043303,3.69511792125079e-06,9.23779480312698e-07,0.00022368759191233,0.00070353581656299,0.000693782151190666,0,0.000195936306004374,9.75366536921289e-06,7.29907531166359e-07,0.00485504488798481,0,0,171.203524088137
541,7.39135732332251,0.237354505862226,0.0127587811520755,0.0187202423993821,0.000667238690605187,0,0.00689242459100755,0,0,0.000226423652681649,0.000676928266402954,3.68274684686752e-06,9.2068671171688e-07,0.000222740905834781,0.000676007579691237,0.00066723869034196,0,0.00019605135838769,8.76888934592257e-06,0,0.00021664503190052,0,0,171.198982723345
542,7.39068279636365,0.237512877971927,0.0127002905695132,0.0180387152633641,0.000643838989231294,9.70780549303431e-05,0,0.0246688003319839,0,0.000225682832878293,0.000652706189198113,3.68274684686752e-06,9.2068671171688e-07,0.000222000086031425,0.000651785502486396,0.000643838989052501,0,0.000196246526586541,7.94651343174687e-06,5.91579335298608e-06,0,0.864069268331853,0.00317081559267957,171.188347152014
543,7.39126691952125,0.23766579802321,0.0127401307232499,0.0173815469080524,0.000621304023993066,0,0.00690477737764828,0.0302394512883357,0.0013868501728611,0.000226677886660532,0.000629319145514615,3.68274684686752e-06,9.2068671171688e-07,0.000222995139813664,0.000628398458802899,0.000621304023850184,0,0.0001981429789575,7.09443495111887e-06,0,0.0074053766095252,2.43575971984878,0.00388969924443915,171.197557303746
544,7.40050963556836,0.237813460739887,0.0126838660231666,0.0181346637018177,0.000644918131841682,0.000107378524083044,0.0068813943411753,0.0317022026388697,0.00141732851751644,0.000224586654804689,0.000653897593252156,3.67028017621921e-06,9.17570044054803e-07,0.00022091637462847,0.000652980023208101,0.000644918131655896,0,0.000195119649483166,8.06189154994646e-06,8.87221024053671e-06,0.00722476510725522,4.0301756875242,0.00408006400240522,171.343260754784
545,7.41134613176157,0.237966830952714,0.0127340855217996,0.0188936549550408,0.000668199232402635,5.19753571166573e-05,0.00685407483790706,0.0322757300175542,0.00142692682882344,0.000224256152432697,0.000678085682424821,3.6557797314213e-06,9.13944932855325e-07,0.000220600372701276,0.000677171737491965,0.000668199232191897,0,0.000193872403545359,8.97250529732795e-06,1.52659674318152e-06,0.005353088727392,5.53866035805801,0.00415136446930544,171.514014809008
546,7.42153437120712,0.238125840206494,0.0127277809835033,0.0196379466304688,0.000691504195148213,0.000107355956711527,0.0068356767702956,0.0325589682115794,0.00143103257723103,0.00022322902585328,0.00070242873760628,3.64604545373802e-06,9.11511363434504e-07,0.000219582980399542,0.000701517226242846,0.000691504194902426,0,0.000191922812750691,1.00130313369907e-05,9.13799994379016e-06,0.00415255223934288,6.8584129940421,0.00418446610038226,171.674481393153
547,7.43246069087035,0.23829050522397,0.0127758371318922,0.0203619824758177,0.000717223268753188,0,0,0.0328226919961914,0,0.000224178916063907,0.000729191650912005,3.65286503787489e-06,9.13216259468723e-07,0.000220526051026032,0.000728278434652537,0.000717223268412398,0,0.000191837120486568,1.10551662351011e-05,0,0,7.89949463432852,0.00421548184910505,171.846494735417
548,7.43176012289315,0.23846141271904,0.0127151484965974,0.0196281363868877,0.000695567241505671,0,0.00687941806481605,0.0330754451435302,0.00144672915565179,0.000224435331301444,0.000706565916605816,3.66931730706031e-06,9.17329326765078e-07,0.000220766013994383,0.000705648587279051,0.000695567241293577,0,0.000192943324469633,1.00813459825133e-05,0,0.00498611599983929,8.59095728560051,0.00424474084870738,171.835468098409
549,7.44142693023604,0.23862727866609,0.0126555179165535,0.0203637201486354,0.000719748647392621,8.25052647515514e-05,0.00687266886322966,0.0330926068611179,0.0014464170973611,0.000222893769387035,0.000731963846871059,3.66642539651482e-06,9.16606349128705e-07,0.00021922734399052,0.00073104724052193,0.000719748647087176,0,0.000190437398281788,1.12985934301624e-05,3.7512154674279e-06,0.00146323879405281,8.88567891086993,0.00425029795830448,171.98759017997
550,7.452151414239,0.238799030327141,0.0126774142784691,0.0210736853731798,0.000744417770769503,0.000105021559063316,0.00688064706600938,0.0331089046071796,0.00144759556158715,0.00022321101887002,0.000757775670408159,3.67028017621921e-06,9.17570044054803e-07,0.000219540738693801,0.000756858100364104,0.000744417770408692,0,0.00018976402807662,1.24403299496663e-05,8.05035628688583e-06,0.00243937398220045,8.7635747184252,0.00424992377914138,172.156282626837
551,7.46316923706113,0.238976796568959,0.0127205751514551,0.0217590139354261,0.000764418422147577,0.000103073930072251,0,0.0329032103858974,0,0.000222794261913686,0.000778828629845384,3.6557797314213e-06,9.13944932855325e-07,0.000219138482182265,0.000777914684912528,0.000764418421880043,0,0.000188561745450146,1.34962630280043e-05,7.57499751662621e-06,0,8.23296590719469,0.00422058188449153,172.329508496327
552,7.46377406541324,0.239159474834722,0.0127608365485327,0.0209756989512059,0.000743021144490154,6.61303221857082e-05,0.00689740328270276,0.032939961651919,0.00144580393446228,0.000225248977811591,0.00075609401066302,3.67892102456134e-06,9.19730256140335e-07,0.00022157005678703,0.00075517428040688,0.000743021144225645,0,0.000191849211165829,1.21531361771045e-05,2.30165125180533e-06,0.00480958310108632,7.33001259079126,0.00422228341848565,172.339015443627
553,7.47429115885095,0.23933717538143,0.0127649006115791,0.0216607613097233,0.000768829803232583,6.63245963676496e-06,0.00692196021458848,0.0327657702105194,0.00144474550319415,0.000225843367697816,0.000783120712302564,3.6922716618581e-06,9.23067915464524e-07,0.000222151096035958,0.000782197644387099,0.00076882980280202,0,0.000191397904156198,1.33678415779672e-05,1.25778919073802e-07,0.00263907010736402,6.13314773115625,0.00420273541114941,172.504288257321
554,7.4840243661631,0.239521184934885,0.0127081337812332,0.0223177637191795,0.000784413478554442,0.0001059128897559,0,0.0319955177734454,0,0.000222753198147979,0.000799895544250721,3.66256184707512e-06,9.15640461768779e-07,0.000219090636300904,0.000798979903788952,0.000784413478375502,0,0.00018771409725883,1.4566425410311e-05,8.42365387537156e-06,0,4.69292979322606,0.00410131431426813,172.657176406838
555,7.48465644635515,0.239709068580747,0.0127502677289488,0.0215134716031255,0.000753673460036206,8.79633218655665e-05,0.00682947173184888,0.0307872320473557,0.00139168073341101,0.00022264391015686,0.000767546346838457,3.64311485601412e-06,9.10778714003529e-07,0.000219000795300846,0.000766635568124453,0.000753673459427382,0,0.000188853857254326,1.29621086871156e-05,4.51988801217242e-06,0.00199601229722915,3.12302580794975,0.00394439053491992,172.667102857113
556,7.49508904238059,0.239889730943866,0.0127759460737907,0.0221330577549359,0.000772819347266772,0.000103920760595389,0,0.0278797509159992,0,0.000222409715368578,0.000787710342890694,3.63625852019896e-06,9.09064630049739e-07,0.000218773456848379,0.000786801278260644,0.000772819347005769,0,0.000187860683105787,1.39819312504043e-05,8.0089531361506e-06,0,1.5304221375349,0.00357428079375801,172.830902044148
557,7.49570333502993,0.24007512236915,0.0128166582355073,0.0213408262949234,0.000740553595772794,0.000115772978099304,0.00675940945056741,0.00221057452049053,0.000201499679251307,0.000221630861106454,0.000753872502730339,3.60659197719852e-06,9.01647994299629e-07,0.000218024269129256,0.000752970854736039,0.000740553595121617,0,0.000188402125683173,1.24172596040177e-05,1.4862337475267e-05,0.00091637270260405,0.0236520902182864,0.000283227561680482,172.840544606168
558,7.49794300525387,0.240252910864276,0.0128708708432729,0.0207838249794385,0.000720257029855401,9.37569501227938e-05,0.00674290621492183,0,0,0.000222186830697093,0.000732542307823482,3.59660459438851e-06,8.99151148597127e-07,0.000218590226102704,0.000731643156674885,0.000720257029623953,0,0.000189779945049649,1.13861270474293e-05,5.70079675011504e-06,0.00370795178718667,0,0,172.875698610695
559,7.49845548572365,0.240425954712269,0.012903972578038,0.020046560489909,0.000695157344020765,0.000111377306943238,0.00673520028500197,0,0,0.000222823526644845,0.00070625646846101,3.59259626045818e-06,8.98149065114544e-07,0.000219230930384387,0.000705358319395896,0.000695157343713393,0,0.000191424636818617,1.02009756781607e-05,1.19272922386586e-05,0.00293567642868491,0,0,172.883742064994
560,7.49921000146841,0.240593088580381,0.0129558382401685,0.0193355493858114,0.000673698266191797,0,0.00675601393837343,0,0,0.000224710020568511,0.000683749689708587,3.60360081885199e-06,9.00900204712998e-07,0.000221106419749659,0.000682848789503874,0.000673698265998296,0,0.000194158489229939,9.15052350303474e-06,0,0.00366379699266508,0,0,172.895583978153
561,7.49852602531856,0.240755175727015,0.0128971425341475,0.0186470088411585,0.000654916902493133,8.88792863257587e-05,0.0067993410040781,0,0,0.000225469310987108,0.000664190495380714,3.62740610325793e-06,9.06851525814483e-07,0.00022184190488385,0.000663283643854899,0.000654916902364029,0,0.000195645228872311,8.36674148926798e-06,4.71273713008994e-06,0.00132965866799794,0,0,172.884849180287
562,7.49900659826005,0.240912850360961,0.0129281866588317,0.0179781361718471,0.000634597892985538,8.19461429376971e-05,0.00682490637207397,0,0,0.000227100403162816,0.000643027548376247,3.6401795468892e-06,9.10044886722299e-07,0.000223460223615927,0.000642117503489525,0.000634597892855273,0,0.000198076307989096,7.51961063274477e-06,3.75482297898488e-06,0.00634464316297241,0,0,172.892391659254
563,7.4994057995082,0.241065733148194,0.012953096875783,0.0173304673857059,0.000614076769905418,0,0,0,0,0.000228373198561607,0.000621741545672765,3.64897131245823e-06,9.12242828114558e-07,0.000224724227249149,0.00062082930284465,0.000614076769790775,0,0.000200161156537695,6.75253305263942e-06,0,0,0,0,172.898656911351
564,7.4987469922044,0.24121376601494,0.0128969145222155,0.0167041608823473,0.00059746383344911,0.000102830141308965,0.00689732160977282,0,0,0.000229528209898867,0.000604552754617444,3.67892102456134e-06,9.19730256140335e-07,0.000225849288874305,0.000603633024361304,0.000597463833383985,0,0.000201950735586112,6.16919097665787e-06,7.31795517162379e-06,0.00421010400614671,0,0,172.888317222608
565,7.49943491021485,0.241357882516264,0.012944266675663,0.0160951802676135,0.000578970127308132,0,0.00692750949221535,0,0,0.000231658615073267,0.000585417261889142,3.69511792125079e-06,9.23779480312698e-07,0.000227963497152016,0.000584493482408829,0.000578970127239002,0,0.000204804692114765,5.52335516917663e-06,0,0.00331218054610598,0,0,172.899113784304
566,7.49878904009016,0.241497621520231,0.0128894379397679,0.0155054153968081,0.000560363327538088,0.000104193324297666,0.00695034632341122,0.0249757637091466,0.0012595575805538,0.000231768749209827,0.00056630347445827,3.70833109575075e-06,9.27082773937687e-07,0.000228060418114077,0.000565376391684333,0.000560363327477278,0,0.000205645885062656,5.01306420651608e-06,7.47032105942476e-06,0.00100203908683483,0.886937359005697,0.00321708907597542,172.88897715421
567,7.50864230205039,0.241632947931019,0.0129397210430781,0.0161944925945228,0.000580322367196078,4.03478581875402e-05,0.00690260731033989,0.0302648119571519,0.00138723052640651,0.000230697548128457,0.000586849382892434,3.68179123718705e-06,9.20447809296763e-07,0.00022701575689127,0.000585928935083137,0.000580322367113671,0,0.000203802862268644,5.60656796868046e-06,1.03223858374039e-06,0.00367521920682788,2.456841344282,0.00390088356543319,173.043589208459
568,7.5185850119948,0.241773172935355,0.0129252847196324,0.0169905216229307,0.000615159611059845,6.61656973462777e-05,0.00698601112894446,0.0321579111008196,0.00143829857056585,0.000232851891121477,0.000622627966801027,3.72607659623311e-06,9.31519149058278e-07,0.000229125814525244,0.000621696447651969,0.000615159610761072,0,0.000204519430307766,6.53683688777915e-06,2.24863176405085e-06,0.0073058427966512,4.04944501469685,0.00414185142349643,173.199539185586
569,7.52922003489887,0.241921902026383,0.0129347149000133,0.0178016234972213,0.000644562691434011,7.75776923963935e-05,0.00699593888288791,0.0329194887816976,0.00145602804390572,0.00023306069536234,0.00065298183086755,3.73255896337699e-06,9.33139740844247e-07,0.000229328136398963,0.000652048691126705,0.000644562691179781,0,0.00020354562892423,7.48599994403892e-06,3.1084159387369e-06,0.00107251419396866,5.55621506201347,0.00423693837449421,173.366275131498
570,7.54012389863137,0.24207783585867,0.0129540857284302,0.0185999328478558,0.000665595306317407,0,0,0.0329798157893329,0,0.000230712192877369,0.000674909423846945,3.69511792125079e-06,9.23779480312698e-07,0.000227017074956118,0.000673985644366633,0.000665595306162066,0,0.000200393262810285,8.39033820266286e-06,0,0,6.87446759756247,0.00424143929718826,173.537147917499
571,7.53943128041036,0.242238961729981,0.0128951052934236,0.0179201947003899,0.00064263588072307,0.000111445181431793,0,0.0332134708294622,0,0.000230140993885298,0.000651165286831927,3.69795896850469e-06,9.24489742126172e-07,0.000226443034916793,0.000650240797089801,0.000642635880560563,0,0.000200737599803458,7.60491652736131e-06,1.02324845614337e-05,0,7.91436588956151,0.00426815092024591,173.526296350441
572,7.54020989772565,0.242394633178497,0.012948786463446,0.0172643576783286,0.000615709717405142,6.85182508550921e-05,0.00688422179994705,0.0331025533200028,0.00144785115180524,0.00022978025006078,0.000623352644597258,3.67220425681886e-06,9.18051064204715e-07,0.000226108045803961,0.000622434593533053,0.000615709717211616,0,0.000201479657251352,6.72487631936532e-06,2.47574925366469e-06,0.00237145399796548,8.60504258792403,0.00425702203301308,173.538495282507
573,7.55097692211798,0.242543877909592,0.0129608834621124,0.0180842787414367,0.000646702518976601,0.000109425829777767,0.00690799642346765,0.0332860392597921,0.00145460999582183,0.000230647221544615,0.000655337792187535,3.68846858998108e-06,9.22117147495271e-07,0.000226958752954634,0.000654415675040039,0.000646702518674057,0,0.000201090652409879,7.71315636246173e-06,9.4686077136962e-06,0.000350562611667512,8.89942921705384,0.00428281183246958,173.70714567176
574,7.56231842396615,0.242700731646399,0.0130122618215313,0.0188787976371813,0.000671752211535371,8.55309030452372e-05,0,0.0331609323251707,0,0.000230427333558585,0.00068131136546,3.67604575826753e-06,9.19011439566882e-07,0.000226751287800317,0.000680392354020433,0.000671752211302859,0,0.00019988119949716,8.64014271466948e-06,4.08684891925292e-06,0,8.77746381467265,0.00426338611303195,173.884711438182
575,7.56274304319546,0.242863766399623,0.0130385174549097,0.0181925805261006,0.000644918110836764,8.54739023947507e-05,0.00685176529062387,0.0329139079522174,0.00144048971832731,0.000229984231889596,0.000653524504190797,3.65675022370281e-06,9.14187555925702e-07,0.000226327481665893,0.000652610316634871,0.000644918110603488,0,0.000200530757397664,7.69220602866787e-06,4.13682968218547e-06,0.000590493950869209,8.24745812139538,0.00422811905241816,173.891357745339
576,7.57368443907845,0.243020393641041,0.0130660760310276,0.0189747360009988,0.000670119917082147,0,0.00684117823532609,0.0326868370027169,0.00143434892113753,0.000229632845068434,0.000679667324538548,3.64897131245823e-06,9.12242828114558e-07,0.000225983873755975,0.000678755081710434,0.000670119916842209,0,0.000199179077235844,8.63516486522174e-06,0,0.00425594933755522,7.34553114934306,0.00420142160055431,174.062575714933
577,7.58345297042111,0.243183246447077,0.013006948517685,0.0197244738974608,0.000701078817693212,0.000104341657625248,0.00689700745057742,0.0326581846978389,0.00143975991874415,0.000230138785473727,0.000711819405943867,3.67892102456134e-06,9.19730256140335e-07,0.000226459864449165,0.000710899675687726,0.000701078817273251,0,0.000198416712014626,9.82085840879317e-06,7.75938690625888e-06,0.00284568024618622,6.14935348896815,0.00419448338085502,174.215373233429
578,7.59462128016001,0.243353737069978,0.0130506075345611,0.0204474247719893,0.000732572283237167,9.45189388981994e-05,0,0.032421956919581,0,0.000232786555703544,0.000744429638975987,3.71395843036431e-06,9.28489607591078e-07,0.00022907259727318,0.000743501149368396,0.000732572282745944,0,0.000199769706252719,1.09288666154035e-05,5.27985644831646e-06,0,4.7107235518346,0.00416169489559781,174.389988851777
579,7.59512889736282,0.243532011272778,0.0130825721400239,0.0196978518963157,0.000702820056832943,7.16954288194578e-05,0.00692154363915565,0.0311805264824155,0.00140995818986839,0.000232327357537896,0.000713454157794883,3.6922716618581e-06,9.23067915464524e-07,0.000228635085876038,0.000712531089879418,0.000702820056449518,0,0.000200522283853975,9.71103342477784e-06,2.68462847878124e-06,0.00188890412745843,3.14255056067635,0.00399938643241827,174.397923457117
580,7.60566186410642,0.243703170454781,0.0130932155726791,0.0203892518130822,0.000725072436551293,0.000107997699135024,0.00690844303804019,0.0282598294175995,0.00134040223401251,0.000231788919551787,0.000736684675666767,3.68561027784264e-06,9.21402569460661e-07,0.000228103309273945,0.000735763273097306,0.000725072436307999,0,0.000199100411965909,1.06908367858534e-05,8.93645289594364e-06,0.00133095723295612,1.55170291331243,0.00362706683120104,174.562526925565
581,7.61616034466675,0.243879872906378,0.0131391211933141,0.0209878074400437,0.000739582552426512,0.000100602722814322,0.00685410601612847,0.00410191512343783,0.000348761113075393,0.000230514956954296,0.000751949479203621,3.65675022370281e-06,9.14187555925702e-07,0.000226858206730593,0.000751035291647696,0.000739582552310645,0,0.000197274904704992,1.14527393353299e-05,6.88580369336537e-06,0.0011916799412679,0.0465942479106507,0.000526120964539779,174.726519056991
582,7.61930260223133,0.244060242205268,0.0131770389086198,0.0205794043231209,0.000719311147479393,9.24077528048279e-05,0.00678635600597746,0,0,0.000229253874762892,0.000730883172811037,3.62345846482975e-06,9.05864616207436e-07,0.000225630416298062,0.000729977308194829,0.000719311147267855,0,0.000196857970532402,1.06661609239556e-05,5.31421841302826e-06,0.000355836832322378,0,0,174.775588839381
583,7.61979673198926,0.244235797458143,0.0132078865691632,0.0198433177002033,0.000691527691522079,9.07207568976385e-05,0.00676183173744143,0,0,0.000229043669144145,0.00070194530016276,3.60659197719852e-06,9.01647994299629e-07,0.000225437077166947,0.00070104365216846,0.000691527691176048,0,0.000197775969733319,9.51596098780613e-06,5.09364505217839e-06,0.00512046815607933,0,0,174.783304627079
584,7.6202845394034,0.244404693275346,0.0132384284103676,0.0191362145612482,0.00066923932252818,0.000109789823651942,0.00671782001623585,0,0,0.000230329222010795,0.000678690795130633,3.61355429192169e-06,9.03388572980422e-07,0.000226715667718874,0.000677787406557653,0.000669239322335821,0,0.000199946094949168,8.54808421944396e-06,1.06722772139423e-05,4.66561602014042e-05,0,0,174.790921535307
585,7.62103485900669,0.244568258506696,0.0132889808206023,0.0184524103346464,0.000647561075187813,8.69893138676881e-05,0.00678725691943291,0,0,0.000231957846802632,0.000656119060112931,3.62049244964821e-06,9.05123112412052e-07,0.000228337354352984,0.000655213937000519,0.000647561075031069,0,0.000202434911457052,7.65286196764128e-06,4.4583243316143e-06,0.00232754432779613,0,0,174.80263715743
586,7.62149387645005,0.244726631391132,0.0133175982812704,0.0177912297876282,0.000629826013288871,0.000117359946683964,0.0068375520772019,0,0,0.000234460050946815,0.000637644554757668,3.64702126789796e-06,9.11755316974489e-07,0.000230813029678917,0.000636732799440694,0.000629826013198823,0,0.000205619989214044,6.90678624090289e-06,1.5121092681025e-05,0.00446315331974035,0,0,174.809804154891
587,7.62236076072058,0.244880766589726,0.0133771683974681,0.0171485959611587,0.000610028376161028,0.00010228756979698,0.00686099493861224,0,0,0.000236618885727613,0.00061711891424602,3.6596584694768e-06,9.149146173692e-07,0.000232959227258136,0.000616203999628651,0.000610028376064817,0,0.000208558092285999,6.17562356287546e-06,7.31678638978001e-06,0.00317384579114457,0,0,174.823339119456
588,7.62303640158777,0.245030150806122,0.0134223789122797,0.0165265739779716,0.000593907872191978,8.44289908765118e-05,0.00692171262237697,0,0,0.000239823689919326,0.000600390745224866,3.6922716618581e-06,9.23067915464524e-07,0.000236131418257468,0.000599467677309401,0.00059390787213756,0,0.000212375103413577,5.55980517133795e-06,3.90649275022621e-06,0.00213510599481494,0,0,174.833887793705
589,7.62348003420911,0.24517567614161,0.0134501501498096,0.0159213717950151,0.000576793980724333,0.000112742810094997,0,0,0,0.000242260016002535,0.000582725169646022,3.71769800200025e-06,9.29424500500061e-07,0.000238542318000535,0.000581795745145522,0.000576793980671836,0,0.000215470558815529,5.00176447323431e-06,1.0567974658817e-05,0,0,0,174.840813997476
590,7.6243046101978,0.245317091995829,0.0135067984811898,0.0153339648619787,0.000561679885356174,0,0,0.0253730205685052,0,0.000245973326216256,0.000567108761729794,3.75455106733366e-06,9.38637766833414e-07,0.000242218775148923,0.00056617012396296,0.000561679885321432,0,0.000219751579765034,4.49023864125151e-06,0,0,0.908927648471411,0.00326592873232955,174.85368732867
591,7.62363799228683,0.245454881671937,0.0134510150797396,0.0147622845354003,0.000543749589199281,0.000115627215071261,0.00706678126891027,0.0309427163315906,0.00141943836158443,0.000246351870378615,0.000548761850410067,3.77169831179342e-06,9.42924577948355e-07,0.000242580172066822,0.000547818925832119,0.000543749589156963,0,0.000220830188537122,4.06933667483969e-06,1.11992079305954e-05,0.000548549673304393,2.47710063962966,0.00398464708013907,174.84328008315
592,7.63497112837718,0.245588347663013,0.0135117236101917,0.0156285964634303,0.000569230160558165,0,0.00700302876331581,0.0322430721173953,0.00144196618462565,0.000244662305422097,0.000574883044444381,3.7353278292772e-06,9.338319573193e-07,0.00024092697759282,0.000573949212487062,0.000569230160451904,0,0.000218157771261604,4.7190520342823e-06,0,0.00394028158623413,4.06794828699358,0.00415472130911882,175.020173626799
593,7.6449316778145,0.245728143957584,0.013455712018305,0.0164910304819682,0.000598719262330087,0.000111433499904844,0.00699072074429041,0.032902355112312,0.0014551028093771,0.000242878337171442,0.000605206402684425,3.72978451005524e-06,9.32446127513809e-07,0.000239148552661386,0.000604273956556912,0.000598719262153178,0,0.000215199782311206,5.55469440211085e-06,9.79775761700644e-06,0.00106516663432698,5.57305695239537,0.00423579055775697,175.175573911073
594,7.65646129282237,0.245875266130669,0.0135098907911448,0.0173360526160176,0.000633485970961299,0.000115763307683243,0.00704833383115086,0.0335342398171,0.00147479124875979,0.000245427047634752,0.000640851962087792,3.75999152137085e-06,9.39997880342713e-07,0.000241667056113381,0.000639911964207449,0.000633485970667601,0,0.00021632761750152,6.42599353691496e-06,1.14679020443286e-05,0.00170840596229824,6.88985596759755,0.00431409487331154,175.355373399511
595,7.66817870927332,0.246031024662369,0.0135663635806592,0.0181647931507487,0.000654602375105864,0,0.00696237255439668,0.0333536402319007,0.00146165138804174,0.000243043978030924,0.000662742149711461,3.71395843036431e-06,9.28489607591078e-07,0.00023933001960056,0.000661813660103869,0.000654602374975229,0,0.000213145924692835,7.21128512722871e-06,0,0.00214308856177123,7.92860765582737,0.00428711383425519,175.538013028746
596,7.67826008213457,0.246192077155462,0.0135062703610304,0.0189583018289537,0.000689967499785176,8.00147527275353e-05,0.00704429815672605,0.0338413293169354,0.00148083643631451,0.000244414918976919,0.000699234773768668,3.7572742154511e-06,9.39318553862776e-07,0.000240657644761468,0.000698295455214806,0.000689967499355204,0,0.000213058945072774,8.3279558545377e-06,3.28559338559037e-06,0.00476773671555009,8.61852280615029,0.00434599530037709,175.695080312112
597,7.68953317394388,0.246361941687404,0.0135243043577541,0.0197343180396555,0.000708250492865223,0,0.0069541970509874,0.033484860706799,0.00146367079706152,0.000241374842743836,0.000718392799832495,3.71114744868715e-06,9.27786862171787e-07,0.000237663695295149,0.000717465012970323,0.000708250492729463,0,0.000209333675672403,9.21452023914409e-06,0,0.000661608956597362,8.9125848412105,0.00429753366654177,175.870636563413
598,7.69961662938885,0.246536427654028,0.0134617512278884,0.0204739122646218,0.000729802379514087,9.30159641738104e-05,0.0069194155252664,0.0333036601542897,0.00145603414088022,0.00023869779466724,0.000741010550514456,3.6922716618581e-06,9.23067915464524e-07,0.000235005523005382,0.000740087482598992,0.000729802379293907,0,0.000205813427967617,1.02851033020867e-05,5.11704006223437e-06,0.000770141591586649,8.79075391927915,0.00427103451744717,176.027596957598
599,7.71088201632551,0.246716350525566,0.0134914770644873,0.0211832505380708,0.000754531282102937,4.8887852545416e-05,0.00692768067256435,0.0332475804681078,0.00145561555744395,0.000239083251732418,0.000766762661424185,3.69511792125079e-06,9.23779480312698e-07,0.000235388133811167,0.000765838881943872,0.000754531281774271,0,0.000205206882733357,1.13076001648618e-05,1.36285570359883e-06,0.004164334612965,8.26133261635071,0.00426136630521967,176.202877858
600,7.7215503168236,0.246902505729844,0.0134757881182734,0.0218662968490514,0.000771603060035192,6.84961477451722e-05,0.00687292473956587,0.0328391638830108,0.00144106164018674,0.000236641899517489,0.000784839359214491,3.66642539651482e-06,9.16606349128705e-07,0.000232975474120974,0.000783922752865362,0.000771603059856375,0,0.000202111351828082,1.23196930062519e-05,2.48193136129315e-06,0.00169400803523401,7.36040011930972,0.00420604119301627,176.368793187588
601,7.73237463451133,0.247093016458796,0.0134791446237979,0.0225167347521689,0.00079959117775629,1.94111484520138e-05,0.00692757636571135,0.0327987002872901,0.00144604158441699,0.000238257338874128,0.000814015718124293,3.69511792125079e-06,9.23779480312698e-07,0.000234562220952877,0.00081309193864398,0.000799591177223824,0,0.000202578574156242,1.35007614115818e-05,4.07264118774647e-07,0.00359997228180795,6.16486762627449,0.00419829151265485,176.537060142398
602,7.7425710956786,0.247290589854841,0.0134318413449915,0.0231429071212723,0.000829470829333156,0.000112116511178628,0.00700269297531909,0.0326037340278058,0.00144983602800721,0.000239720332909427,0.000845267083182405,3.7353278292772e-06,9.338319573193e-07,0.000235985005080149,0.000844333251225086,0.000829470828662561,0,0.000202806172289409,1.48624225511205e-05,1.00253396737065e-05,0.00267609147344383,4.72777297260005,0.00417082565204291,176.695498123424
603,7.75402408009932,0.247495710185495,0.0134756217577413,0.02374165588003,0.000851289843687652,0.000109995450702208,0.00701536996969781,0.0315753089257417,0.00142840234832376,0.000240641498815641,0.000868146325923436,3.74176662874781e-06,9.35441657186953e-07,0.000236899732186893,0.000867210884266249,0.000851289843296052,0,0.000202848138657725,1.59210409632702e-05,9.06930707699763e-06,0.00634216208040818,3.16127351123024,0.00403729118419824,176.873381211669
604,7.76528566762358,0.247706400769932,0.01351606737448,0.0242960298087743,0.000863645380385892,0.000104703634383081,0.00696291158796206,0.0285052130113598,0.00135147071360705,0.000239317472630032,0.000881361293285692,3.71395843036431e-06,9.28489607591078e-07,0.000235603514199668,0.000880432803678101,0.000863645380248329,0,0.000201057699059357,1.67874234272505e-05,7.57189902183779e-06,0.00366243034402949,1.57212359169466,0.00364245643051123,177.048209827041
605,7.77590900374759,0.247920331258649,0.0135507323762376,0.0247602647562741,0.000871182528337106,9.74564444997e-05,0.00689693463430716,0.00572363581236553,0.000460628498892753,0.000237520070473913,0.000889576905871805,3.67987832499995e-06,9.19969581249986e-07,0.000233840192148913,0.000888656936290555,0.000871182528281803,0,0.000198992891045124,1.74744080077091e-05,6.01004354315358e-06,0.000972349315917928,0.068621154815236,0.00073094835005074,177.213055834367
606,7.77981140327701,0.248136315119661,0.0135779571909116,0.0243254726064493,0.000849638755559569,0.000100081104758237,0.0068402098261453,0,0,0.000236191522472875,0.000866961652337138,3.64897131245823e-06,9.12242828114558e-07,0.000232542551160417,0.000866049409509023,0.000849638755133463,0,0.000198557001171544,1.64106543677959e-05,6.80725308822445e-06,0.00169797063785438,0,0,177.273592666871
607,7.78033472885239,0.248347141349648,0.0136090117156006,0.0234526126787695,0.000820238883597246,7.91975742774554e-05,0.00683567891408664,0,0,0.000236932735508218,0.000835856172838757,3.64604545373802e-06,9.11511363434504e-07,0.00023328669005448,0.000834944661475323,0.000820238882908287,0,0.000200477135103571,1.47057785553068e-05,3.44162922115272e-06,0.00416611753483363,0,0,177.281710132861
608,7.78059390297594,0.248550845331613,0.0136205433353866,0.0226107549617894,0.000788085796262668,0.00011816672764642,0.006798491849592,0,0,0.000236234893368461,0.000802141713670808,3.62641995188994e-06,9.06604987972486e-07,0.000232608473416571,0.000801235108682835,0.000788085795542892,0,0.000201085041992743,1.31493131284747e-05,1.65740842980074e-05,0.00260089924574045,0,0,177.285730198869
609,7.78139593448755,0.248746724722468,0.013672717550718,0.0218026284151061,0.000762836958822424,9.37476209248456e-05,0,0,0,0.000237956211454159,0.000775525734246561,3.63331232499009e-06,9.08328081247522e-07,0.000234322899129169,0.000774617406165313,0.000762836958439986,0,0.000203809421012546,1.17804477196536e-05,5.51435947105587e-06,0,0,0,177.298170288859
610,7.78188215242278,0.248936477917473,0.0137015073848248,0.0210210732330527,0.000735404377897976,0.000104041109733312,0.0067984286675275,0,0,0.000238360949990023,0.000746853404154717,3.62641995188994e-06,9.06604987972486e-07,0.000234734530038133,0.000745946799166744,0.000735404377506151,0,0.000205318355174069,1.054242165517e-05,8.14102402561058e-06,0.00245266330151038,0,0,177.305711682095
611,7.78252203763454,0.249119546893152,0.0137418979157101,0.0202682490191039,0.000715452401512137,0.000106105830293419,0.00684847191485462,0,0,0.000241154818267651,0.000725870814597682,3.65286503787489e-06,9.13216259468723e-07,0.000237501953229777,0.000724957598338214,0.000715452401334424,0,0.000208883857288227,9.50519700149838e-06,8.59111759775774e-06,0.00421424222575285,0,0,177.315636273904
612,7.78319726535033,0.24929778007124,0.0137850127254302,0.0195364319143724,0.000694393047260408,0.000107913557071085,0,0,0,0.000243534694941707,0.000703851721732555,3.67220425681886e-06,9.18051064204715e-07,0.000239862490684888,0.000702933670668351,0.000694393047090439,0,0.000212086768912964,8.54062357587304e-06,9.05494274035733e-06,0,0,0,177.326108743915
613,7.78390558440593,0.249470890716419,0.0138306974625883,0.0188267007913685,0.00067506797944803,0.000114091920054757,0.00693472680404375,0,0,0.00024645550654238,0.000683672440252968,3.69890482115789e-06,9.24726205289473e-07,0.000242756601721222,0.000682747714047679,0.000675067979325634,0,0.000215753882632215,7.67973472068036e-06,1.15866951988976e-05,0.00385404114568872,0,0,177.337094133592
614,7.78470411987451,0.249639300526546,0.0138831757094792,0.0181372308095013,0.000655592907174821,8.3180862648749e-05,0,0.0253801979360512,0,0.000249353680369474,0.00066341091872554,3.723289215415e-06,9.30822303853749e-07,0.000245630391154059,0.000662480096421686,0.000655592907068679,0,0.000219406674947473,6.88718935191123e-06,3.68431978590142e-06,0,0.930034286603647,0.0032558950214783,177.349478315756
615,7.78509274751262,0.249802962281323,0.013905367187687,0.017468127721318,0.000634927902978172,0,0.00700963262906721,0.0307374554175766,0.00140882744827084,0.000251132692408133,0.00064204419948333,3.73901091008678e-06,9.34752727521694e-07,0.000247393681498046,0.000641109446755808,0.000634927902875596,0,0.000221996565459789,6.18154387922655e-06,0,0.00276834256509106,2.49653374797346,0.00394533038022491,177.355505246919
616,7.79493216128319,0.249961569152322,0.0138452024985641,0.0182293833578937,0.000664619489439725,0.000121996495129899,0.00704232838604451,0.0324214255089772,0.00145000744991819,0.00025083652745287,0.000672646963876377,3.75636714714473e-06,9.39091786786182e-07,0.000247080160305725,0.000671707872089591,0.000664619489190628,0,0.000220495380915342,7.08838289635268e-06,1.61650938975005e-05,0.0032754450092729,4.08568366750904,0.0041639120597341,177.508065264305
617,7.80671883516515,0.250127698482792,0.0139056065176491,0.0190010077850821,0.000686158605311998,7.9698227412569e-05,0,0.0328771710772073,0,0.000249525323323544,0.000694954398974707,3.72607659623311e-06,9.31519149058278e-07,0.000245799246727311,0.000694022879825649,0.000686158605157934,0,0.000218352902626315,7.8642746659856e-06,3.31911955684699e-06,0,5.58918610438846,0.00421991671717802,177.690736619017
618,7.80704412106296,0.250299325755533,0.0139227555825277,0.0183000935283055,0.000678319154520322,8.55470233783069e-05,0.00715922048469605,0.0340389189067703,0.00149750017691867,0.000256417614332597,0.000686484797489199,3.81909578983851e-06,9.54773947459627e-07,0.000252598518542759,0.00068553002354174,0.000678319154503081,0,0.000225465752374926,7.21086903847812e-06,3.70853150772423e-06,0.00180774558247692,6.90457985219365,0.00436542861691604,177.695776691714
619,7.81869504138614,0.250469108582556,0.0139453600969155,0.0191051853858998,0.000691016754644222,0.000116872274551155,0.00699722399655911,0.0335160523143436,0.00146887228726592,0.000250622916620557,0.0006999103063352,3.73255896337699e-06,9.33139740844247e-07,0.00024689035765718,0.000698977166594356,0.000691016754589856,0,0.000219249687510647,7.96041200388652e-06,1.2649233774531e-05,0.00211386952178214,7.94222300080262,0.00430110839196178,177.876255204153
620,7.83056454951715,0.250642186933108,0.0139992976961292,0.0198681097344318,0.000714511805466947,0.000104134883828064,0,0.0334925791044473,0,0.000250157765773875,0.000724254753430805,3.7167640126411e-06,9.29191003160275e-07,0.000246441001761234,0.000723325562427644,0.000714511805251318,0,0.000217860529692662,8.81375717373234e-06,7.38675897457969e-06,0,8.63140188442405,0.00429465696172262,178.060031478026
621,7.83120513057667,0.250821273734619,0.0140393466274346,0.0191375913634998,0.000684771252693448,0,0.00692150242636936,0.0333226699319067,0.0014565703123752,0.000249571667321691,0.000693506989967145,3.6922716618581e-06,9.23067915464524e-07,0.000245879395659833,0.00069258392205168,0.000684771252392039,0,0.000218488545770737,7.81266965627276e-06,0,0.00183723418230417,8.92515010106111,0.0042694416034535,178.069947100847
622,7.84141996889887,0.250993028932437,0.0139768009103295,0.019894581216187,0.000703846665184734,9.8344530756548e-05,0.00685515832464097,0.0329970747017942,0.00144246718798069,0.000245710824465666,0.000713492408339441,3.65675022370281e-06,9.14187555925702e-07,0.000242054074241964,0.000712578220783515,0.000703846665039019,0,0.000213900207735707,8.73155574273405e-06,6.33931120897376e-06,0.00219655925662878,8.80344919519185,0.00423027392960314,178.228028708634
623,7.85286458518911,0.251169689538835,0.0140121072788719,0.0206174116613524,0.000729519084738893,0,0,0.0329684479734421,0,0.000246378947704482,0.00074008465778135,3.66256184707512e-06,9.15640461768779e-07,0.000242716385857407,0.000739169017319581,0.000729519084438145,0,0.000213535622669621,9.64993287757199e-06,0,0,8.27459288243101,0.00422406904612176,178.405063897665
624,7.85209043700005,0.251352922620862,0.0139476882918927,0.019870971147876,0.00070412922217964,8.33848170877499e-05,0.00686646540817964,0.0328089215605859,0.00143968607578435,0.000245600379876124,0.00071379487619121,3.66256184707512e-06,9.15640461768779e-07,0.000241937818029049,0.000712879235729441,0.00070412922192061,0,0.000213772649321477,8.75001380569375e-06,3.86318023224149e-06,0.00327733368426334,7.37462184651686,0.00420056565745213,178.393091304923
625,7.86332719396533,0.251529907558759,0.0139680471385855,0.0205907456284359,0.000726631219145997,0,0.00684386915581987,0.0324474874721846,0.00142973120283341,0.000244967335922934,0.000737190269270837,3.65286503787489e-06,9.13216259468723e-07,0.000241314470885059,0.000736277053011368,0.000726631218914071,0,0.000212249222274523,9.64583409430813e-06,0,0.000521160670883714,6.17969099607469,0.00415762583983216,178.566836486835
626,7.87335196712783,0.251712677042141,0.0139039544835882,0.0212770059340843,0.000754220903733554,0.000102727035844903,0,0.0321211311949696,0,0.00024500450411705,0.000765900749641659,3.67508621795369e-06,9.18771554488423e-07,0.000241329417899097,0.000764981978087171,0.000754220903337379,0,0.000211160582005074,1.07610747443293e-05,7.31909729246869e-06,0,4.74407714345708,0.00411291338806943,178.721774817565
627,7.87396127667279,0.2519025240049,0.0139412348860045,0.0205047425890682,0.000737645782899165,0,0.00698053442041487,0.0314525171862547,0.00142207989960043,0.000249252554298836,0.00074832563244617,3.723289215415e-06,9.30822303853749e-07,0.000245529265083421,0.000747394810142316,0.00073764578277664,0,0.000216023433849691,9.74902736410315e-06,0,0.0044120665520235,3.17919182354413,0.00402520730616611,178.731189997469
628,7.88393040990823,0.252088338839434,0.0138761197290484,0.0211721457439499,0.000760479690712824,0,0.00697956707040162,0.0286277217177999,0.00135605813615185,0.000247771527284415,0.000772199232049029,3.723289215415e-06,9.30822303853749e-07,0.000244048238069,0.000771268409745176,0.000760479690448889,0,0.000213629050611096,1.0788719292667e-05,0,0.00174466441438455,1.59167938479265,0.00366611648648964,178.885202132716
629,7.89339657199448,0.252280046901387,0.0138100618400741,0.021749613508569,0.000778770981163598,0,0.00696840422338851,0.00713526336340903,0.000549854041703803,0.000245888828769749,0.000791443839735916,3.7167640126411e-06,9.29191003160275e-07,0.000242172064757107,0.000790514648732755,0.000778770980973736,0,0.000211021225629368,1.1743667756264e-05,0,0.00527609319525419,0.0897261764151862,0.000913292980725603,179.031386377911
630,7.89675590419526,0.252476515281041,0.0137433372389617,0.0215016550436655,0.000763753612798424,0.00010620590285994,0,0,0,0.000242766401351885,0.000776045241351542,3.68561027784264e-06,9.21402569460661e-07,0.000239080791074043,0.000775123838782082,0.00076375361267331,0,0.000208530646640929,1.13702261069779e-05,8.29617403309216e-06,0,0,0,179.083250485405
631,7.8974119162323,0.252669345131733,0.0137839577989784,0.0207194210390895,0.000731505496369862,0,0.00685523940820694,0,0,0.000241939412602917,0.000742501104329064,3.65675022370281e-06,9.14187555925702e-07,0.000238282662379214,0.000741586916773139,0.000731505495867079,0,0.000209022442854441,1.00814208993501e-05,0,0.00234917058763339,0,0,179.09337771155
632,7.89663790789484,0.252854174146461,0.0137200555440528,0.0199708368431982,0.000706122669600114,0,0.00685474113416442,0,0,0.00024116603846704,0.000716181760044138,3.65675022370281e-06,9.14187555925702e-07,0.000237509288243337,0.000715267572488213,0.000706122669327719,0,0.000209264381644114,9.14490315706486e-06,0,0.00164625540467921,0,0,179.081428881763
633,7.89587860438968,0.253032720210929,0.0136575394068176,0.0192487836353695,0.000679559075496556,0,0,0,0,0.000239698942280963,0.000688738714766869,3.64604545373802e-06,9.11511363434504e-07,0.000236052896827225,0.000687827203403434,0.000679559075234745,0,0.000208870533990921,8.26812816558207e-06,0,0,0,0,179.069706695932
634,7.8951357178794,0.253204670892346,0.0135965428402756,0.01855440555034,0.000654339146543584,0.000112103583762526,0.00681909042229302,0,0,0.000238372666689314,0.000662727303577956,3.63723955393785e-06,9.09309888484462e-07,0.000234735427135376,0.000661817993689471,0.000654339146336652,0,0.000208561861423574,7.478847350504e-06,1.1536661537224e-05,0.00371743558470652,0,0,179.058237608618
635,7.89594207946456,0.253370352620599,0.013649082682392,0.0178862683354851,0.000637254981887069,7.3527317253949e-05,0.00687908508392082,0,0,0.00024171613056127,0.000644905825936875,3.66931730706031e-06,9.17329326765078e-07,0.000238046813254209,0.00064398849661011,0.000637254981806057,0,0.000212556614039905,6.73351480321089e-06,2.86892961931663e-06,0.00310965896773765,0,0,179.070686642799
636,7.89622542402124,0.253531814140069,0.0136634968757831,0.0172360245592669,0.000619852617529378,0,0.00693445736193532,0,0,0.000244230517978889,0.00062686034838842,3.69890482115789e-06,9.24726205289473e-07,0.000240531613157731,0.000625935622183131,0.00061985261745728,0,0.000215737508513157,6.08300472515217e-06,0,0.00280412998047938,0,0,179.07506096869
637,7.89550755054957,0.25368896649869,0.0136049607611629,0.0166039551201923,0.000610155545491608,4.98296167405205e-05,0.0070767578841714,0,0,0.0002485113938834,0.000616714447236317,3.77527786609477e-06,9.43819466523692e-07,0.000244736116017305,0.000615770627769793,0.000610155545472502,0,0.000220329894213153,5.61508229711752e-06,1.35785433328127e-06,0.00149922198544378,0,0,179.063978207343
638,7.89547083467052,0.253843756228429,0.0135962747465573,0.0159821632517297,0.000589799796153486,0,0.00709972553814877,0.025845620531392,0.00129556830635435,0.000249415302330434,0.000595792197311174,3.78683701623161e-06,9.46709254057902e-07,0.000245628465314202,0.000594845488057117,0.000589799796080942,0,0.000222036473529253,5.04569197555906e-06,0,0.00478202838346402,0.95025169688818,0.00332378854974891,179.063411367155
639,7.90463247213219,0.253993473224108,0.0135386731903292,0.0166770542069229,0.000612557253107733,0.000117605737407558,0.00707515537834667,0.0310206326023496,0.00142193338517191,0.00024720754346201,0.000619240411721615,3.7743839801267e-06,9.43595995031676e-07,0.000243433159481883,0.000618296815726584,0.000612557253000129,0,0.00021893086944412,5.73956272545818e-06,1.22845532537417e-05,0.00155962002403477,2.51513701680113,0.00399167491401851,179.204827746901
640,7.91636779627946,0.254149058768373,0.0135978159543143,0.0174746971363112,0.000636913131684093,7.11788325701508e-05,0.00702622844010053,0.03238868068632,0.00144785085042072,0.000246360370709704,0.000644330501592144,3.75091116431663e-06,9.37727791079157e-07,0.000242609459545387,0.000643392773801065,0.000636913131536665,0,0.000217132934391594,6.47964226292285e-06,2.56111428693242e-06,0.000417606879963144,4.10264945555261,0.00416543222734161,179.385894389083
641,7.92765872453143,0.254310929641308,0.0136093934295836,0.0182729192990981,0.000669742155802804,6.49029370133139e-05,0.0070826288360008,0.0333131081801362,0.00147369248568544,0.000247963628988933,0.000678104614782945,3.77795549884079e-06,9.44488874710196e-07,0.000244185673490092,0.000677160125908235,0.000669742155487498,0,0.000217395987490265,7.4179704173126e-06,2.11354056779904e-06,0.00273006179418023,5.60460266393008,0.00428069424187872,179.560023486676
642,7.93904744984239,0.25448125239157,0.0136128743418546,0.019062945199012,0.000686266964164288,0.000108498541445699,0.00696496422613839,0.0331739100787014,0.0014582245449041,0.000243637141296324,0.000695442417281959,3.7167640126411e-06,9.29191003160275e-07,0.000239920377283683,0.000694513226278799,0.000686266964068509,0,0.000212469698784705,8.246262209166e-06,8.78385349498907e-06,0.000702060681123821,6.91864101287762,0.00425958708713321,179.73558062248
643,7.95092268903509,0.254655894468086,0.013659616404962,0.0198200666930926,0.000711368557716006,0.000111120170404606,0,0.0333341438025141,0,0.000243747231061885,0.000721452526899367,3.71114744868715e-06,9.27786862171787e-07,0.000240036083613198,0.000720524740037195,0.000711368557460681,0,0.000211581341478321,9.15618257331884e-06,9.90451452256526e-06,0,7.95521496046552,0.00427695451374361,179.918551759632
644,7.95167997570583,0.254837048664447,0.0137076955300143,0.0190927553582519,0.000685844407175548,0.00010793043322888,0.00695210662802818,0.0334213691730377,0.00146196043884041,0.000244762021448342,0.000694927924279572,3.70833109575075e-06,9.27082773937687e-07,0.000241053690352592,0.000694000841505635,0.000685844406946818,0,0.000213619914227879,8.15643455615901e-06,8.66716663279172e-06,0.00274197108583797,8.64368370518511,0.00428478727085471,179.930216909696
645,7.9635914361859,0.255011827229015,0.0137537205182854,0.0198540340044333,0.000702765665329331,3.01655164619405e-05,0.00686021797730101,0.0330408716939156,0.00144395988741382,0.000242003956276909,0.000712637103443815,3.6596584694768e-06,9.149146173692e-07,0.000238344297807432,0.000711722188826446,0.000702765665212245,0,0.000210233671274363,8.95652361274904e-06,7.04329976620731e-07,0.00167153914038163,8.93712923983213,0.00423850712787618,180.113652935869
646,7.97429666050334,0.255191040785444,0.0137214267400666,0.0205794649262382,0.000729770015921663,0,0.00688460817429488,0.0331329898122796,0.00144851944001795,0.000241925922386783,0.000740701710267295,3.67220425681886e-06,9.18051064204715e-07,0.000238253718129964,0.00073978365920309,0.000729770015579428,0,0.000209062917718251,1.00136436191136e-05,0,0.0035542301695596,8.81555373616207,0.00424694924257879,180.278438244513
647,7.98461327772966,0.255377271555341,0.0136576439578156,0.0212812766587991,0.000749444528138335,4.23261609688185e-05,0.00684829401740069,0.0328866262255363,0.00143936710224468,0.000239212003902141,0.00076142717813227,3.65286503787489e-06,9.13216259468723e-07,0.000235559138864266,0.000760513961872801,0.000749444527928652,0,0.000205581357871385,1.1069433941165e-05,1.11789101274693e-06,0.0033086398491493,8.28724236383703,0.00421278376448447,180.437174916514
648,7.99544423675047,0.255568662654119,0.0136355456904351,0.0219532299371149,0.000772740693695983,8.52792164233603e-05,0.0068553828019602,0.0327618484790596,0.00143749569400415,0.000238772182530407,0.00078581063037832,3.65675022370281e-06,9.14187555925702e-07,0.000235115432306704,0.000784896442822395,0.000772740693364333,0,0.00020420580476175,1.21557494530571e-05,4.11190924586298e-06,0.00267823050098188,7.38819866980513,0.00419451838712014,180.603755068383
649,8.0068496401841,0.255766150959786,0.0136553012075779,0.022598891021118,0.000794343377997391,7.71500972423614e-05,0.00685440520729542,0.0324840806625939,0.00143150396999073,0.00023882313044986,0.000808433718223524,3.65675022370281e-06,9.14187555925702e-07,0.000235166380226157,0.000807519530667598,0.000794343377679501,0,0.000203392645295301,1.31761529830587e-05,3.21576456146069e-06,0.00136987955857865,6.19382448745595,0.00415653116075788,180.779092317706
650,8.01809324310233,0.255969317108117,0.0136658345570474,0.0232158685311372,0.000814898752786419,0.000108784525811447,0.00685088180963312,0.0319787152868398,0.00142037700655737,0.000238726446147082,0.000830027741822706,3.65675022370281e-06,9.14187555925702e-07,0.000235069695923379,0.000829113554266781,0.000814898752467802,0,0.00020247374599636,1.42148017936883e-05,9.59515523159395e-06,0.000496004028747946,4.75963525283373,0.00408928369174624,180.951864145768
651,8.02968636349039,0.25617790618538,0.0137069827365721,0.0238000925351753,0.000844623962702032,0.000106552108627754,0.00693998704597752,0.0313048800891983,0.00141461100530225,0.000242121107811174,0.000860915148550754,3.70173887527955e-06,9.25434718819888e-07,0.000238419368935895,0.000859989713831934,0.000844623961983021,0,0.000204634410834761,1.5365751836505e-05,8.25649978501678e-06,0.00358959352203614,3.1963028322491,0.0040007609747039,181.129925766788
652,8.04119173014557,0.256394280183659,0.0137440074610643,0.0243475154401099,0.000869564752487984,7.3568377827297e-05,0.00699287928776762,0.0287287115244174,0.00135972971867485,0.000244359625923255,0.00088693811769531,3.72978451005524e-06,9.32446127513809e-07,0.0002406298414132,0.000886005671567796,0.000869564751942388,0,0.000205847251616159,1.64409196156535e-05,2.77413259722606e-06,0.00599387188105075,1.61036574663593,0.0036693225505785,181.306558426922
653,8.05180970392641,0.256617231612446,0.0137465274349769,0.0248139321275062,0.000882164672337756,0.000103129736617663,0.00695715773393229,0.00835504690240863,0.00062017885488636,0.0002433362913933,0.000900385324984063,3.7167640126411e-06,9.29191003160275e-07,0.000239619527380659,0.000899456133980902,0.000882164672187375,0,0.000204332940568918,1.72914617907482e-05,7.11260874093165e-06,0.000236340788072243,0.109902987493811,0.00106653296080502,181.46949607748
654,8.05714270398532,0.256843610268487,0.0137780938258428,0.0245273979987155,0.000869774058430606,9.21111867524297e-05,0.00694548586041418,0,0,0.000243225574793238,0.000887300757455546,3.70456765181609e-06,9.26141912954023e-07,0.000239521007141422,0.000886374615542592,0.00086977405829112,0,0.00020473004488114,1.6600557248956e-05,4.9194076907136e-06,0.004802520347134,0,0,181.551307513643
655,8.05755214264675,0.257067006177773,0.0137992526496107,0.0236337044482839,0.000834270374394438,9.25832853104429e-05,0.00689932389717474,0,0,0.000242385545383456,0.000849974666944287,3.67987832499995e-06,9.19969581249986e-07,0.000238705667058456,0.000849054697363037,0.000834270373393305,0,0.00020533485265737,1.47843239528624e-05,5.09683429895014e-06,0.00616063042348055,0,0,181.557587834836
656,8.05799066153104,0.257281469565261,0.0138227394492549,0.0227773187734388,0.000801224456517134,9.81215714638447e-05,0.006861362242532,0,0,0.000241857410130462,0.000815322330013692,3.6596584694768e-06,9.149146173692e-07,0.000238197751660986,0.000814407415396323,0.00080122445576223,0,0.000206148773851215,1.31829596222127e-05,6.27125229002521e-06,0.00551791830166302,0,0,181.564314100418
657,8.05852671833945,0.257487609770885,0.0138534623901516,0.0219556113622299,0.000773785146524291,0.000115666231140701,0.00685967108725993,0,0,0.000242775101133261,0.000786511464344881,3.6596584694768e-06,9.149146173692e-07,0.000239115442663784,0.000785596549727512,0.00077378514607426,0,0.000208164037082602,1.18114036466443e-05,1.34053170659661e-05,0.00125374206654531,0,0,181.57253630242
658,8.05932198401781,0.25768684985874,0.0139029815501079,0.0211627412352121,0.0007530863736287,8.56783483833047e-05,0.00691472889937442,0,0,0.000245933407673184,0.000764643690970883,3.68846858998108e-06,9.22117147495271e-07,0.000242244939083203,0.000763721573823387,0.000753086373409687,0,0.000212121484279972,1.06352004107096e-05,4.06913050261196e-06,0.00240573636970439,0,0,181.584734007047
659,8.05970756704747,0.257880910314032,0.0139231656807118,0.020391731852558,0.000724422039404298,5.62955259413653e-05,0,0,0,0.000245824722387919,0.000734837173467517,3.67604575826753e-06,9.19011439566882e-07,0.000242148676629652,0.00073391816202795,0.00072442203903954,0,0.000213171795299359,9.49612298376521e-06,1.72566686678647e-06,0,0,0,181.590647902273
660,8.05970071222602,0.258067724929005,0.0139154048519573,0.0196506689698002,0.000699168554911076,0,0.00689085458490997,0,0,0.00024603911122988,0.000708628453066219,3.67604575826753e-06,9.19011439566882e-07,0.000242363065471613,0.000707709441626653,0.000699168554665485,0,0.000214396323447009,8.54088695824028e-06,0,0.00159214589899221,0,0,181.590542766962
661,8.0589229182571,0.258248157767313,0.0138525932183284,0.0189359881851698,0.000685034942254896,9.2420075139662e-05,0.00699581387119992,0,0,0.000249038594472218,0.000693825110671229,3.73255896337699e-06,9.33139740844247e-07,0.000245306035508841,0.000692891970930385,0.000685034942188788,0,0.000217904637866464,7.85702874085464e-06,4.85900910263676e-06,0.00102345869553416,0,0,181.578613224764
662,8.05943749737073,0.258425066779157,0.0138825993626803,0.0182362625867923,0.000662961401335154,0.000119682509841983,0.00702199266452144,0.0257778883416637,0.00128716064458061,0.000250778037210845,0.000670936890280206,3.74543207724807e-06,9.36358019312018e-07,0.000247032605133597,0.000670000532260894,0.000662961401196661,0,0.000220514149184521,7.03913106278782e-06,1.44048670586853e-05,0.00405613992193628,0.969574573505448,0.00330647287916276,181.586505707221
663,8.07032875420601,0.258596392623569,0.0139407629420498,0.0188467316208496,0.00069720489009526,0.000105095368596066,0.00714871398690814,0.0313449750813491,0.00143691245202875,0.000256246148433338,0.000705986244376603,3.81565511014968e-06,9.5391377753742e-07,0.000252430493323188,0.000705032330599065,0.000697204889729059,0,0.000224542297987272,7.82744086597639e-06,6.91567987435699e-06,0.000507059913194528,2.53290699409008,0.00402295941152563,181.753515294367
664,8.08215848082305,0.258776687293067,0.0139819806623062,0.0195715624918328,0.00071803793147888,8.40140753563879e-05,0.00710149902985636,0.0327054903128652,0.00146257081587445,0.000254883159991251,0.000727608923737253,3.78948818444959e-06,9.47372046112397e-07,0.000251093671806801,0.00072666155169114,0.000718037931321563,0,0.000222372154658716,8.62362036773172e-06,3.61557803062437e-06,0.000749238423272464,4.11884407970324,0.00419483205565715,181.934834136271
665,8.09389158307065,0.258962498770326,0.0140012069243915,0.0203002325180535,0.00074088128414676,0.000115050943875792,0.00707743717344568,0.0332960751673386,0.00147277900436069,0.000253919000687107,0.000751350122468105,3.77527786609477e-06,9.43819466523692e-07,0.000250143722821012,0.000750406303001581,0.000740881283928745,0,0.000220508471603627,9.5250190701088e-06,1.08448691219325e-05,0.00234192189982163,5.61930683884536,0.00426739210572892,182.114588302272
666,8.10613550617902,0.25915435923896,0.0140504232598577,0.0210151938547727,0.00076515950446126,0,0.00706035774187472,0.0336435468907245,0.0014788531998082,0.000254218973362348,0.000776549736248381,3.77169831179342e-06,9.42924577948355e-07,0.000250447275050554,0.000775606811670433,0.000765159504181436,0,0.000219840895056714,1.04473074852929e-05,0,0.000243952876349605,6.93204121411286,0.00430886514725658,182.302079694636
667,8.11681044655457,0.259352653660055,0.0139833102771474,0.0217108199197532,0.000778494911244927,0,0,0.0334167693968764,0,0.000249238337669659,0.00079084849785149,3.72049634127196e-06,9.3012408531799e-07,0.000245517841328387,0.000789918373766172,0.000778494911146952,0,0.0002143780449408,1.14234626178334e-05,0,0,7.96758652722737,0.00427662617444264,182.465471462615
668,8.11597809184497,0.259554558381147,0.0139161262440313,0.0209133507754313,0.00074711681722245,0.000116164803778214,0.00693809187974759,0.0333578074689966,0.0014590888762825,0.000247106664239369,0.000758335476355313,3.70079477558452e-06,9.2519869389613e-07,0.000243405869463785,0.000757410277661417,0.000747116816743342,0,0.00021352119708944,1.02934609116817e-05,1.28415655765368e-05,0.0030893478182237,8.65537207641969,0.00426678486244752,182.452733820436
669,8.12816566594861,0.2597484759567,0.0139669564890032,0.0216077435741102,0.000766487202720229,8.80590199251317e-05,0,0.0332182122090888,0,0.000246278008709776,0.00077857661317344,3.67987832499995e-06,9.19969581249986e-07,0.000242598130384776,0.00077765664359219,0.000766487202514746,0,0.00021193864240692,1.11694410745541e-05,4.40855715892016e-06,0,8.94852641313173,0.00425253981598938,182.639200368636
670,8.12857965879012,0.259947569839447,0.013988776784975,0.0208226573989746,0.000733698509044426,0.000109623127134139,0.00683991886756733,0.0329328030959359,0.00143948144523694,0.000244959680910506,0.000744535241781838,3.64897131245823e-06,9.12242828114558e-07,0.000241310709598047,0.000743622998953723,0.000733698508527406,0,0.00021196276957905,9.92449041953465e-06,1.00707318557918e-05,0.00143820915958875,8.827071553777,0.00421290730756308,182.645532777603
671,8.14055200129324,0.260138292983868,0.0140339431791493,0.0215112580911193,0.000756909984111033,9.08592873591777e-05,0.00684122581538759,0.0328548506627712,0.00143791716298449,0.000245424848411711,0.000768657550388021,3.64897131245823e-06,9.12242828114558e-07,0.000241775877099253,0.000767745307559906,0.000756909983821207,0,0.000211499477921278,1.08353237346893e-05,4.94046027919181e-06,0.00459608857760917,8.29928444630688,0.00420580476610614,182.828616472663
672,8.15224334277171,0.260335194255077,0.0140591047165171,0.0221739874090571,0.000779147667389279,0.000109372531053352,0.00684090549439951,0.032697767958558,0.00143456388994733,0.000245552230115451,0.000791845628524464,3.64897131245823e-06,9.12242828114558e-07,0.000241903258802992,0.00079093338569635,0.000779147667091297,0,0.000210737352293601,1.17857186007133e-05,9.95602939475007e-06,0.00298821995484207,7.40113290988604,0.00418270396004905,183.007320093428
673,8.16416494372343,0.26053803381442,0.0141016345158738,0.0228100360066541,0.000800448390540242,0.000120022899301016,0.00684101658732549,0.0324222705111144,0.00142869097453632,0.000245994668199213,0.000814073413336006,3.64897131245823e-06,9.12242828114558e-07,0.000242345696886755,0.000813161170507891,0.000800448390237118,0,0.000210327761449686,1.27127802661531e-05,1.78461833404131e-05,0.00340085334362221,6.20726901626831,0.00414474114944316,183.189459024043
674,8.17618707334148,0.260746581064262,0.0141536701016281,0.0234178368134842,0.000820760790806987,0.000111890725379473,0,0.0319218895442795,0,0.000246614903188589,0.000835289704762197,3.64897131245823e-06,9.12242828114558e-07,0.00024296593187613,0.000834377461934082,0.000820760790504077,0,0.000210135500424023,1.36166714251974e-05,1.12134286262535e-05,0,4.77444658208564,0.0040780771173326,183.373047867545
675,8.17690676940374,0.260960591634336,0.0141964510967352,0.0225755816707427,0.000801982091403886,0,0,0.0312408770254502,0,0.000250633044229534,0.000815232145179438,3.69132175531683e-06,9.22830438829208e-07,0.000246941722474217,0.000814309314740609,0.000801982091181553,0,0.000214862438955806,1.23272235557679e-05,0,0,3.21260403702653,0.00398847906908528,183.384035545257
676,8.17605407809447,0.261169877355389,0.0141278089480248,0.0217533388145605,0.000783273567128214,7.39769970568709e-05,0.00700302559902568,0.0288200999684726,0.0013629189226866,0.00025279405021876,0.000795519703058916,3.7353278292772e-06,9.338319573193e-07,0.000249058722389483,0.000794585871101596,0.00078327356693746,0,0.000217727779826512,1.13123041614747e-05,2.79801297956115e-06,0.00392281933457834,1.62817836946992,0.0036820485723527,183.371017380906
677,8.18693920334241,0.261374444816852,0.0141338809573964,0.0223138802926433,0.000802492986748551,3.89560289122227e-05,0,0.00943501486544338,0,0.000252631053897637,0.000815589847703188,3.7353278292772e-06,9.338319573193e-07,0.00024889572606836,0.000814656015745869,0.000802492986527806,0,0.0002167960067362,1.21630292148418e-05,9.63125613562369e-07,0,0.129145570272563,0.00120648505929097,183.537169666419
678,8.18663181597795,0.261584195975732,0.0141039799981297,0.0214913304387915,0.000773090756758607,4.21061169513905e-05,0.00699278720091231,0,0,0.000252120373772906,0.000784965564351998,3.72978451005524e-06,9.32446127513809e-07,0.000248390589262851,0.000784033118224485,0.000773090756306256,0,0.000217466959285303,1.09423619120351e-05,1.07676379526131e-06,0.00500597340771533,0,0,183.532478624828
679,8.18638667746648,0.261786424299755,0.0140787823480949,0.0206995982512476,0.000742101174278365,0.000110660825656703,0.0069574495199276,0,0,0.000250794304751357,0.000752831415787356,3.71114744868715e-06,9.27786862171787e-07,0.00024708315730267,0.000751903628925185,0.00074210117383977,0,0.000217399110626017,9.80245507978684e-06,9.7046370227457e-06,0.00292346283631065,0,0,183.52873752329
680,8.18713130731458,0.261980696312638,0.0141238601876507,0.0199402278488627,0.000709842218017339,9.99867905943704e-05,0.00689675287015491,0,0,0.000249777118430138,0.000719430818705425,3.67892102456134e-06,9.19730256140335e-07,0.000246098197405577,0.000718511088449285,0.000709842217604606,0,0.000217704508973742,8.66887083975933e-06,6.58279926506394e-06,0.00225374708965421,0,0,183.540101338474
681,8.18774591638343,0.262166661271187,0.0141599782056487,0.0192144445983491,0.000678931737364533,0.000114246749706889,0.00683536489410775,0,0,0.000248525961964179,0.000687522087159401,3.64604545373802e-06,9.11511363434504e-07,0.000244879916510441,0.000686610575795966,0.000678931737034813,0,0.000217722647256151,7.6788387574976e-06,1.27054025109491e-05,0.00281774376291818,0,0,183.549480654636
682,8.18858300379561,0.262344654538003,0.0142120357173178,0.0185207881698178,0.0006605934505064,0.000110336900603477,0,0,0,0.00025176390518048,0.000668420222024176,3.67508621795369e-06,9.18771554488423e-07,0.000248088818962526,0.000667501450469688,0.000660593450407384,0,0.000221665081017468,6.90800006128509e-06,1.00383540970362e-05,0,0,0,183.562254766965
683,8.18937089904234,0.262517957698566,0.0142607189079433,0.0178463504364856,0.00064039381266276,6.67357701584095e-05,0.00692213986154657,0,0,0.000254139765273391,0.000647507047342175,3.6922716618581e-06,9.23067915464524e-07,0.000250447493611533,0.00064658397942671,0.000640393812559843,0,0.000224831741186476,6.19016686588417e-06,2.32611754823874e-06,0.00318440691690831,0,0,183.574277816664
684,8.18954887301339,0.262686072574389,0.0142665310037434,0.0171929858469245,0.000623530223458837,0.000104215670817543,0.00698749211880164,0,0,0.000256961512762267,0.00063006300941147,3.72700449755794e-06,9.31751124389485e-07,0.000253234508264709,0.000629131258287081,0.00062353022339744,0,0.000228293299376848,5.60103488909394e-06,7.32942844315902e-06,0.00435823376182624,0,0,183.576993595977
685,8.19026417200059,0.262849865279921,0.014310353517973,0.0165572434226062,0.000603002596556378,0.00011688248247878,0.00698321513543503,0,0,0.000258837843754084,0.000608940778537966,3.73809107949605e-06,9.34522769874012e-07,0.000255099752674588,0.000608006255768092,0.00060300259647846,0,0.000230979648879121,5.0036592889887e-06,1.25432283037484e-05,0.000108664332190321,0,0,183.587908452556
686,8.19116874228272,0.263008364431189,0.01436765066036,0.0159428218766527,0.000584291916612721,9.80839112583539e-05,0.00704329976852192,0.0259667052377029,0.00129404762898096,0.000261521114623016,0.00058970027358152,3.7572742154511e-06,9.39318553862776e-07,0.000257763840407565,0.000588760955027657,0.000584291916557576,0,0.000234392163792374,4.46903846966073e-06,5.72734414609176e-06,0.00177258443467313,0.987997878413981,0.00333540434389521,183.601710992977
687,8.2020296485347,0.263162038092528,0.0144067715022669,0.0166418761047243,0.000607096417698659,7.794446891248e-05,0.00701221907204668,0.030856662879492,0.001412133297281,0.000260985680496313,0.000613054600770348,3.74451666573689e-06,9.36129166434222e-07,0.000257241163830576,0.000612118471603914,0.000607096417602493,0,0.000232957307205195,5.02205400062952e-06,3.1190310573172e-06,0.000320570448723461,2.54984042347309,0.00396539372955864,183.767396011687
688,8.2135315679944,0.263321802823128,0.0144246455677981,0.0174353714264685,0.000658337993449769,0,0.00727637764138674,0.0334444269673022,0.00149701298394952,0.000270442336034464,0.000665257007619552,3.88139351356484e-06,9.7034837839121e-07,0.000266560942520899,0.000664286659241161,0.000658337992891386,0,0.000240227423240733,5.94866634477458e-06,0,0.00235634649629609,4.13426609102971,0.00429486221376426,183.942783448957
689,8.22455849055834,0.26349515757043,0.014360911620461,0.0182610028350689,0.000677327719526509,0.000114151567451906,0.00715843781347505,0.0336643877339765,0.0014894091183911,0.000264501441947987,0.000685036506956361,3.81909578983851e-06,9.54773947459627e-07,0.000260682346158148,0.000684081733008901,0.000677327719432079,0,0.000233589237450619,6.75401357589278e-06,9.81880563673591e-06,0.00120981250324233,5.63329889022706,0.0043198972705195,184.110854270516
690,8.23715631452804,0.263673630144613,0.0144110650161522,0.0190590853753154,0.000711505208740224,0.000117942638723005,0.00721719701687705,0.0343065933027581,0.00150941652989939,0.000267125832876971,0.000720125219495684,3.84953340581497e-06,9.62383351453743e-07,0.000263276299471156,0.00071916283614423,0.000711505208384949,0,0.000234816091387337,7.65762775552172e-06,1.11625256470258e-05,0.00425718597470915,6.94478221306868,0.00439938216959244,184.302780533325
691,8.24995167193202,0.263861235305869,0.0144629627564244,0.0198417079121807,0.0007241561579907,8.87116073285229e-05,0,0.0338360938190728,0,0.00026208157044699,0.000733466795638192,3.76900664990626e-06,9.42251662476566e-07,0.000258312563797084,0.000732524543975716,0.000724156157932828,0,0.000229346317519162,8.3683860422326e-06,4.21423668374275e-06,0,7.97934063843158,0.0043354930619827,184.497620288036
692,8.25038335492735,0.264052312044271,0.0144855310355303,0.0191014041690108,0.000692114622679449,0.000103879498797098,0.00700401831643733,0.0336666326148658,0.00147280501238945,0.00026058214510894,0.000700455763564802,3.73624953804401e-06,9.34062384511002e-07,0.000256845895570896,0.000699521701180291,0.000692114622355336,0,0.000229161310906922,7.40707882154312e-06,7.16808607662868e-06,0.00193271960715527,8.66647071931592,0.00431020812446457,184.504192005483
693,8.26272791905604,0.264235066510589,0.0145250479211877,0.0198671994276358,0.000711447588946587,0.000106364575054177,0.00693243417945183,0.0333768418323574,0.00145889141503468,0.00025823134571852,0.000720546411757373,3.69795896850469e-06,9.24489742126172e-07,0.000254533386750016,0.000719621922015247,0.000711447588809357,0,0.000226075483291352,8.17433320434487e-06,8.23028796029943e-06,0.00223827903861813,8.95934567624556,0.00427584108135737,184.692072804695
694,8.27499896594341,0.264423055911573,0.0145663152751627,0.0205987668596651,0.000729556949569289,6.01079557926016e-07,0,0.0330523993707218,0,0.000256123196260581,0.000739414602317568,3.66256184707512e-06,9.15640461768779e-07,0.000252460634413506,0.000738498961855799,0.000729556949430171,0,0.000223278356527934,8.94201242396318e-06,1.09890599869914e-08,0,8.83800656490451,0.00423095933083294,184.878745895857
695,8.27417917054806,0.264615967589639,0.0145011167227966,0.0198523720950141,0.000701494873740167,0.00011469701936858,0.00684011536024015,0.0328566408286716,0.00143788360523799,0.000254398335342971,0.000710481025041765,3.64897131245823e-06,9.12242828114558e-07,0.000250749364030513,0.000709568782213651,0.000701494873445314,0,0.000222689569293851,8.07390876501066e-06,1.29516827747759e-05,0.00160391895607154,8.3107224452083,0.00420272768149306,184.866277528611
696,8.28643186347414,0.264801594334413,0.0145516635601421,0.0205731148558426,0.000725965712354091,0,0.00682593122698087,0.0327001637125406,0.00143365356549449,0.00025492900541763,0.000735771682936155,3.64897131245823e-06,9.12242828114558e-07,0.000251280034105172,0.00073485944010804,0.000725965712100093,0,0.000222241405788515,8.89372800490782e-06,0,0.000171829783573205,7.41342685853602,0.00418606138813091,185.052589139654
697,8.29700352420865,0.264993831212477,0.0144861878111318,0.0212640657176237,0.000749206598216609,0.00010141689742437,0.00683801880080131,0.0324257440500294,0.00142857439416328,0.000253445271080899,0.000759988479298707,3.64897131245823e-06,9.12242828114558e-07,0.000249796299768441,0.000759076236470592,0.000749206597954156,0,0.000219828036016283,9.86963851307436e-06,7.15826174200521e-06,0.000719335231783895,6.2200255160933,0.00414780319795206,185.213268693709
698,8.30898342804289,0.265192366339308,0.0145211515223988,0.0219256031288094,0.000772320591829711,0.000103826504476224,0.00684837776080744,0.0319599550411048,0.00141949904358129,0.000254004049001606,0.00078397909596418,3.65286503787489e-06,9.13216259468723e-07,0.000250351183963731,0.000783065879704711,0.000772320591539154,0,0.000219458360480381,1.07452881616388e-05,7.8286516589753e-06,0.00368100719408972,4.78851049814777,0.00408607087159546,185.395273270479
699,8.32092040884348,0.265397179864628,0.0145572715179679,0.0225538602409874,0.000803861229592615,0.000102960938008364,0.00693827381478888,0.0313278873002499,0.00141494738181042,0.000257665345343593,0.000816541907081984,3.70079477558452e-06,9.2519869389613e-07,0.000253964550568008,0.000815616708388088,0.000803861229000519,0,0.000221810101761069,1.17554793792025e-05,7.18622260331642e-06,0.00387402354307089,3.22809309709433,0.00400257529099999,185.576542428443
700,8.33279390669033,0.265610522367964,0.0145904941760357,0.0231447154733317,0.000836305287987455,9.70859263249806e-05,0,0.0290066615528741,0,0.000261834157061879,0.000850044439732124,3.75636714714473e-06,9.39091786786182e-07,0.000258077789914735,0.000849105347945338,0.000836305287308526,0,0.000224625578816924,1.2800060626801e-05,5.54423896716581e-06,0,1.6451131801031,0.00370366457009794,185.756765222024
701,8.33328301446756,0.265832653852366,0.0146157068588003,0.0222868350402244,0.000805053045996864,9.64917688665814e-05,0.00702637993261344,0.0103865111614698,0.000729186339596065,0.00026214467866597,0.00081740738166575,3.74817449464674e-06,9.37043623661684e-07,0.000258396504171323,0.000816470338042089,0.00080505304544816,0,0.000226194382686348,1.14172925863938e-05,5.47442767842675e-06,0.00194200171078436,0.147448212519024,0.00132540123144238,185.764187422874
702,8.33960219752,0.266046663240075,0.0146418624740925,0.0221909474770477,0.000800417126931159,4.70471375610006e-05,0,0,0,0.000262212564439246,0.000812571452864009,3.74176662874781e-06,9.35441657186953e-07,0.000258470797810498,0.000811636011206822,0.000800417126919341,0,0.000226454112740943,1.12188842873204e-05,1.26105891457473e-06,0,0,0,185.860068398344
703,8.3393936908132,0.266259611545895,0.0146187861511867,0.0213707110056188,0.000770213691805084,7.93717286898256e-05,0.00699784051020772,0,0,0.000261567816864803,0.0007812143745255,3.73255896337699e-06,9.33139740844247e-07,0.000257835257901426,0.000780281234784656,0.000770213691367538,0,0.000227026710524722,1.00675434115518e-05,3.27445272399237e-06,0.00395611834850627,0,0,185.856905095848
704,8.33966906157746,0.266464688344282,0.0146296545132328,0.0205820974059436,0.000740409682314848,8.64821488582756e-05,0.00697124896362633,0,0,0.000261247755431478,0.000750325135435901,3.7195641673593e-06,9.29891041839824e-07,0.000257528191264119,0.000749395244394062,0.000740409681945614,0,0.000227911804230862,8.98556244406873e-06,4.07923062341986e-06,0.000950457392722161,0,0,185.861082802764
705,8.3400652486641,0.266661981379528,0.0146491775926168,0.0198246200925056,0.000707739803358422,0,0.00690987236899968,0,0,0.00025958799113526,0.000716627562564505,3.68561027784264e-06,9.21402569460661e-07,0.000255902380857417,0.000715706159995045,0.000707739802971938,0,0.000227592789005513,7.96635701883722e-06,0,0.00427259328104225,0,0,185.867093361876
706,8.33923753398595,0.266850708677792,0.0145840553055178,0.0191011315785321,0.000678725858593333,9.93000913606389e-05,0,0,0,0.000257246939489917,0.000686810977129098,3.66352855299479e-06,9.15882138248699e-07,0.000253583410936922,0.000685895094990849,0.000678725858325762,0,0.00022643437679536,7.16923666230522e-06,6.51879452608171e-06,0,0,0,185.8545359887
707,8.33986173436794,0.267031827154156,0.0146200008210453,0.0184078084824684,0.000664010225061623,9.96445000113351e-05,0.00696310358967437,0,0,0.000261782546424721,0.000671435381868739,3.71395843036431e-06,9.28489607591078e-07,0.000258068587994357,0.000670506892261148,0.000664010225003182,0,0.000231508179037859,6.49666725740128e-06,6.28609402476718e-06,0.00489956350722698,0,0,185.8640058554
708,8.34049280111136,0.267209139017803,0.0146565123057304,0.017729997128078,0.000642014095581789,6.02640134316488e-05,0.00697784439965861,0,0,0.000263442483433393,0.000648756162781121,3.723289215415e-06,9.30822303853749e-07,0.000259719194217978,0.000647825340477268,0.00064201409546964,0,0.000234038630486583,5.81124500662186e-06,1.898453899551e-06,0.000839975682076947,0,0,185.873579662987
709,8.34056601068791,0.267380691051521,0.0146545589156742,0.0170750881777319,0.00062120000540342,0.000114574847691721,0.00699894479873055,0,0,0.00026466203274347,0.000627360858207134,3.73624953804401e-06,9.34062384511002e-07,0.000260925783205426,0.000626426795822623,0.000621200005316985,0,0.000236077783062851,5.22679050491456e-06,1.12176469960989e-05,0.000429180039158289,0,0,185.874690298207
710,8.34143409519403,0.267546787938247,0.0147078383233015,0.016441824386111,0.000597248068454179,0,0.00698405082057617,0.0259254025211146,0.00128789285349784,0.000265228432671091,0.000602815122490513,3.72607659623311e-06,9.31519149058278e-07,0.000261502356074858,0.000601883603341454,0.000597248068355769,0,0.000237612433424042,4.6355349849241e-06,0,0.00119242934742987,1.00551683844959,0.00332651676715559,185.887859447701
711,8.35100293238989,0.267706579740564,0.0146476768526823,0.0171212542507483,0.000622668691429124,8.97390485973522e-05,0,0.0308134231601872,0,0.000264448725022077,0.000628874105640985,3.7353278292772e-06,9.338319573193e-07,0.000260713397192799,0.000627940273683665,0.000622668691299451,0,0.000235806649645639,5.27158238312312e-06,4.45702395963269e-06,0,2.56593423950303,0.00395565368265157,186.032993117726
712,8.35151228544903,0.267873272246258,0.0146760725111603,0.0164864637002721,0.000608993318150124,0.000116929722922614,0,0.0327243231639925,0,0.00026913638675162,0.000614712447690276,3.78948818444959e-06,9.47372046112397e-07,0.00026534689856717,0.000613765075644164,0.000608993318118158,0,0.000240987165869399,4.77175752575587e-06,1.16111905002124e-05,0,4.14891415649426,0.00419876347737028,186.040717152708
713,8.35241597957415,0.268036405279167,0.0147318166665178,0.0158660056881217,0.000587703246053968,0.000114900567697894,0.00711553603945966,0.0334746769270378,0.00148069748372742,0.000270926174126891,0.000592893565509711,3.79565014949597e-06,9.48912537373994e-07,0.000267130523977395,0.000591944652972337,0.000587703245987792,0,0.000243622394196238,4.24140698406796e-06,1.04697529950837e-05,0.0021760201350186,5.64657912407835,0.00429739274264734,186.054420764352
714,8.3652139242895,0.26819393114461,0.0147863932783902,0.0167483023695802,0.000620877362077945,0.000125512840993414,0.0071327670255431,0.0339268438921836,0.0014922110804181,0.000272085780912845,0.000626772742608418,3.8043938456353e-06,9.51098461408825e-07,0.00026828138706721,0.000625821644147009,0.000620877361882622,0,0.000243446292755167,4.94428226283734e-06,1.82942756346126e-05,0.00605196192591641,6.9568657497228,0.00435752896265022,186.248437924672
715,8.37824529420602,0.268360446685105,0.0148497414650971,0.0176077919196319,0.000652809049776112,0.000113516092144479,0.00714342194000949,0.0341944432067066,0.00149909187174393,0.000273228615626107,0.000659445552311075,3.81047255386251e-06,9.52618138465627e-07,0.000269418143072244,0.000658492934172609,0.000652809049558218,0,0.000243305781263374,5.68388461250752e-06,9.66040841446847e-06,0.00235349011361132,7.99048016524099,0.00438790263400449,186.445896466912
716,8.39114633838224,0.268535634813303,0.0148993100991372,0.0184410592093043,0.00066988416954491,9.34886469117384e-05,0.0070096147436979,0.0336921343668329,0.00147393367033543,0.000268562603034071,0.000677159842062521,3.73901091008678e-06,9.34752727521694e-07,0.000264823592123984,0.000676225089334999,0.000669884169469223,0,0.000238028225402765,6.34091986506701e-06,5.00214676898058e-06,0.00272029815601025,8.67698325634393,0.00431953869704407,186.641283676887
717,8.40356030297529,0.268715522584023,0.0149284807339048,0.0192311864918219,0.00069237073349398,5.47669897049592e-06,0.00695792262650629,0.0334928580540431,0.00146407992408272,0.000266672922667242,0.000700382575992779,3.71114744868715e-06,9.27786862171787e-07,0.000262961775218555,0.000699454789130607,0.000692370733338982,0,0.0002352669459979,7.08405579006059e-06,1.02413128733593e-07,0.00581231792888176,8.96959097187296,0.00429026046830205,186.829203508633
718,8.41461526276523,0.268901573347495,0.0148686887184505,0.0199879443794256,0.000709100962593278,0.000115195214262956,0.00686559218297378,0.0330538461438027,0.00144482143716657,0.000261744058523511,0.000717897354155034,3.66256184707512e-06,9.15640461768779e-07,0.000258081496676436,0.000716981713693265,0.000709100962491476,0,0.000229717458247606,7.88075120067755e-06,1.30012153312679e-05,0.00160478495891,8.84836257957189,0.00423069790079697,186.996476435153
719,8.42711471569964,0.269092251711999,0.0149183421851301,0.020707787667918,0.000730928238475894,0,0.00683116832341368,0.0328583325943625,0.0014373431662128,0.000261278775599436,0.000740485324488415,3.64897131245823e-06,9.12242828114558e-07,0.000257629804286978,0.000739573081660301,0.000730928238277767,0,0.000228392674889023,8.64484338023862e-06,0,0.00025650015954294,8.32155959403664,0.00420312631259299,187.185521542585
720,8.43787569079153,0.26928893883753,0.0148517125793564,0.0213972899619217,0.000754146011438202,8.97295752097505e-05,0.00684087104576273,0.032702428126333,0.00143466075921273,0.000259767005734171,0.000764644291220361,3.64897131245823e-06,9.12242828114558e-07,0.000256118034421713,0.000763732048392246,0.000754146011181724,0,0.000225952194139998,9.58603720734291e-06,4.7620238405031e-06,0.0028798662764088,7.42508276814835,0.0041800319395888,187.348201740272
721,8.44991718436448,0.269492022016679,0.0148738317637532,0.0220597971825203,0.000776474431453314,9.75249848394379e-05,0.00684047419960342,0.0324290180878129,0.00142880097507133,0.000259821776821927,0.00078782680203869,3.64897131245823e-06,9.12242828114558e-07,0.000256172805509469,0.000786914559210576,0.000776474431187161,0,0.000225113828428444,1.04401280199355e-05,6.20207415342357e-06,0.00203130424347022,6.2320949295247,0.00414292031632447,187.530161805371
722,8.46202071551508,0.269701275681256,0.014902588267294,0.0226930386022956,0.00079775870085474,9.130903385464e-05,0.00683997221458636,0.0319340638603849,0.00141809394301438,0.000260006915714057,0.000809958899263891,3.64897131245823e-06,9.12242828114558e-07,0.000256357944401599,0.000809046656435776,0.000797758700585918,0,0.000224447596541525,1.12879558461723e-05,5.01396154751722e-06,0.0014797157387718,4.801826446421,0.00407703771429577,187.712975918446
723,8.47394355841261,0.269916432220562,0.0149240045528665,0.0232932292373139,0.000829689627126942,9.66586999046582e-05,0.00693971494849776,0.0313488743578469,0.00141557885930944,0.000263841546953432,0.000842928370657672,3.70173887527955e-06,9.25434718819888e-07,0.000260139808078152,0.000842002935938852,0.000829689626470053,0,0.000226952223407909,1.23133094593793e-05,5.73213393836647e-06,0.00265522549294104,3.24276782584406,0.00399978993447106,187.892979275457
724,8.48590856410015,0.270140379084567,0.0149486964151121,0.0238576355537986,0.000858628523634811,0.00010409486103751,0.0070191363115425,0.0289804972242672,0.00136837681575715,0.000267042836793913,0.000872868292395142,3.74451666573689e-06,9.36129166434222e-07,0.000263298320128176,0.000871932163228708,0.000858628523051462,0,0.000228953179542841,1.33036401685375e-05,7.16422945431017e-06,0.00153219726657331,1.66116633632001,0.00369547068717522,188.073537909396
725,8.49758693328939,0.270372329319434,0.0149789709238111,0.0243446325069193,0.000879759154180731,9.79683743340315e-05,0.00705064355180826,0.0112335313751258,0.000771563081291579,0.000268696796706244,0.00089481850438358,3.76360545904605e-06,9.40901364761512e-07,0.000264933191247197,0.000893877603018819,0.000879759153847179,0,0.000229742825282033,1.41184491664941e-05,5.67382255490889e-06,0.000461076208189234,0.164805505639888,0.00143166098075806,188.24969267195
726,8.50432550564502,0.27061019185119,0.0150018331574023,0.024212666274774,0.000875275956683867,6.92953732641959e-05,0,0,0,0.000269174161956653,0.000890076465045989,3.76360545904605e-06,9.40901364761512e-07,0.000265410556497607,0.000889135563681228,0.000875275956669154,0,0.000230399518239229,1.3859607011849e-05,2.41145378077603e-06,0,0,0,188.351301115515
727,8.50438341836667,0.270847050445751,0.0149961831912563,0.0233138706914012,0.000846193602066921,0,0.00703219670609923,0,0,0.0002701157195172,0.00085960081853427,3.77169831179342e-06,9.42924577948355e-07,0.000266344021205406,0.000858657893956321,0.000846193601530753,0,0.000232496277462696,1.24642924179319e-05,0,7.07862745631181e-05,0,0,188.352174248625
728,8.50344328371848,0.271076239486977,0.0149226244471837,0.0224457596878246,0.000810763546233578,9.24406160374249e-05,0.00702164620667322,0,0,0.00026749612212785,0.000822902992896869,3.74726099275175e-06,9.36815248187936e-07,0.000263748861135098,0.000821966177648681,0.000810763545534836,0,0.000231318319744069,1.1202632104473e-05,4.80643734650278e-06,0.000628594721630627,0,0,188.337999879676
729,8.50388212489856,0.271296018220203,0.014943656708947,0.0216147408600993,0.000784757471390326,0.000104155069123409,0.00704895699315284,0,0,0.000269212966146732,0.000795750094004785,3.75999152137085e-06,9.39997880342713e-07,0.000265452974625361,0.000794810096124442,0.000784757471067187,0,0.000234062675990364,1.00526250532189e-05,7.06718437556585e-06,0.00274516302664769,0,0,188.344616331205
730,8.50450614735422,0.27150891979746,0.0149775280740628,0.0208110757992603,0.00073858319358729,9.59427164466639e-05,0.00687828149294664,0,0,0.000263724363738292,0.000748253694372033,3.66931730706031e-06,9.17329326765078e-07,0.000260055046431232,0.000747336365045268,0.00073858319268698,0,0.000230511719328164,8.7531723478386e-06,5.75794269561808e-06,0.00162948260307276,0,0,188.354024591283
731,8.50504700207386,0.271709451722531,0.0150061448236495,0.0200553292491755,0.000716566345913288,0.000113124978782063,0.00691069494397415,0,0,0.000265995570701436,0.000725363545803581,3.68846858998108e-06,9.22117147495271e-07,0.000262307102111454,0.000724441428656085,0.000716566345738016,0,0.000233644448404651,7.87508291617584e-06,1.12260156433003e-05,0.000533267379200031,0,0,188.362178769968
732,8.50585018956559,0.271904149571502,0.0150528013369318,0.0193226823040003,0.000692649257864218,0.000114715160142774,0,0,0,0.000267683068113763,0.000700612054947727,3.69511792125079e-06,9.23779480312698e-07,0.000263987950192512,0.000699688275467415,0.000692649257686502,0,0.000236281980015,7.03901777913008e-06,1.20237616621216e-05,0,0,0,188.374287694739
733,8.50668905546411,0.272092483778913,0.0151020608992995,0.018615021523496,0.000681082856559544,3.89736293057603e-05,0.007060561557943,0,0,0.00027410938633877,0.000688420863178116,3.76630902286091e-06,9.41577255715228e-07,0.00027034307731591,0.000687479285922401,0.000681082856524543,0,0.000243099763081659,6.3964293975326e-06,9.52779717779432e-07,0.00222755256784286,0,0,188.386934120556
734,8.50641145986579,0.272277801305014,0.0150754291742627,0.0179196790747415,0.000645699670722527,0.000110156690562324,0.00694545943628511,0.025922313242413,0.0012844215388607,0.000269505536386288,0.000652275903147672,3.70456765181609e-06,9.26141912954023e-07,0.000265800968734472,0.000651349761234718,0.000645699670433569,0,0.000239972982146552,5.65009079863722e-06,9.57398194503531e-06,0.00459271590575233,1.02212694245579,0.00331883317157357,188.38274923812
735,8.51770785433064,0.272453610991661,0.0151223218127168,0.0185453390612953,0.000671554798839632,5.89840373835266e-05,0.00698238560345056,0.0307747848986903,0.00140713568109823,0.000271649339124939,0.000678731409287798,3.72700449755794e-06,9.31751124389485e-07,0.000267922334627381,0.000677799658163409,0.000671554798666711,0,0.0002410601428135,6.2448594951043e-06,1.82548393221715e-06,0.000485914597097947,2.58118556303273,0.00394276778766219,188.553012432188
736,8.52924338585317,0.272636578521584,0.0151164551717247,0.0192669094952086,0.000696565580050636,0.000115043935575352,0.00698579876424742,0.0322275941315703,0.0014398163086757,0.000271095746655876,0.000704479139344019,3.72607659623311e-06,9.31519149058278e-07,0.000267369670059643,0.000703547620194961,0.000696565579862724,0,0.000239507047003591,6.98204033037673e-06,1.16517005152889e-05,0.00469749041529688,4.16278705255677,0.0041261903546252,188.726805602286
737,8.54186626297431,0.272826487778045,0.0151654301005824,0.0199951098348493,0.000733194960250613,0.000112188867612805,0.00709164239304293,0.0333838795088036,0.00147629484434606,0.000275824345883675,0.000741990571841626,3.78417969344507e-06,9.46044923361267e-07,0.00027204016619023,0.000741044526918264,0.000733194959795604,0,0.000242712368121672,7.84956711786361e-06,9.43782850585418e-06,0.00076779868988179,5.6591478832369,0.00427142534583976,188.91689464942
738,8.55472552569113,0.273026522783907,0.0152091165367012,0.0207218184039993,0.000761649238958079,7.46263338293435e-05,0.00712139863848449,0.0338776870067889,0.00148993366443414,0.000277258448943601,0.000771290050290076,3.79828059715432e-06,9.4957014928858e-07,0.000273460168346447,0.000770340480140788,0.000761649238645226,0,0.000242994199015175,8.69124149205662e-06,2.75133560103626e-06,0.00754622907672968,6.96829353731545,0.00433137527498792,189.110451252734
739,8.5671327995144,0.2732344732272,0.0152135951886652,0.021432501378269,0.000792583916916106,0,0.00717299430567856,0.0343365645388135,0.00150535498548325,0.000279038493698601,0.00080319082032234,3.82679493238501e-06,9.56698733096252e-07,0.000275211698766216,0.000802234121589244,0.000792583916498222,0,0.000243508342382667,9.650205086044e-06,0,0.0012773605409697,8.00100790193246,0.00438678393410477,189.297116524163
740,8.57855281463436,0.273451034476227,0.015141656152246,0.0221263636721156,0.000806591122668127,0.000118713717832859,0.00708299363741724,0.0340308259935916,0.00148905059239701,0.000273809390107745,0.000818077244431395,3.77795549884079e-06,9.44488874710196e-07,0.000270031434608904,0.000817132755556685,0.000806591122568911,0,0.00023776778976921,1.05416329865096e-05,1.2926362903066e-05,0.00421028533296426,8.68691319978046,0.00434486766567016,189.468852393685
741,8.59160223940517,0.27367159765312,0.0151883383653285,0.0227889775612542,0.000821744125665022,8.96558781216923e-05,0.00701492744293916,0.0337601627688045,0.00147594271848297,0.000271675160291361,0.000833983648850081,3.74176662874781e-06,9.35441657186953e-07,0.000267933393662614,0.000833048207192894,0.000821744125534391,0,0.000235063628721911,1.13040816567568e-05,4.42435957899975e-06,0.00317063896437797,8.97926611832321,0.0043080449029616,189.66500223739
742,8.60411924953599,0.273896485680853,0.0152053954211782,0.0234223835959373,0.000828693876578822,6.18185016997536e-05,0.00689107199508159,0.0331723467554932,0.00145008639203938,0.000266878028607645,0.000841607552772149,3.67604575826753e-06,9.19011439566882e-07,0.000263201982849377,0.000840688541332582,0.000828693876547766,0,0.000230054227806103,1.19946647843811e-05,2.0326150328349e-06,0.00182086521148592,8.85814328929806,0.00423007906788072,189.853059840453
743,8.61602545865807,0.274123462021353,0.0151947840812194,0.0240222476476497,0.000843487287293871,6.03180979086912e-05,0,0.0328936068570669,0,0.000264705870338734,0.000857237824975869,3.65286503787489e-06,9.13216259468723e-07,0.000261053005300859,0.000856324608716401,0.000843487287137745,0,0.000227313513906407,1.28373215763616e-05,1.96695416385145e-06,0,8.33179903333813,0.0041919034957656,190.031859630449
744,8.61597867061961,0.274354681676717,0.0151821618640994,0.0231563009515895,0.000813659711365972,0.000115160445618585,0.00684081826147687,0.0327045627737507,0.0014347027542798,0.000264643251716429,0.00082612542905341,3.64897131245823e-06,9.12242828114558e-07,0.000260994280403971,0.000825213186225296,0.000813659710810312,0,0.000228447892308629,1.15534754073331e-05,1.32820353524926e-05,0.00272828056215445,7.43610284166208,0.00416556332254202,190.031157152229
745,8.62858159753525,0.274577913027822,0.0152259290476391,0.0237564350555339,0.000833774593718495,0.000121068249312366,0.00684119072116004,0.03243209500062,0.00142891252803913,0.000265099898521984,0.000847057987780886,3.64897131245823e-06,9.12242828114558e-07,0.000261450927209525,0.000846145744952771,0.000833774593442849,0,0.000228099943634917,1.23711515059667e-05,1.91950320888715e-05,0.00434023948712898,6.24347819977913,0.00413424280668508,190.220334209301
746,8.64122197071167,0.274806849115701,0.0152744923548952,0.0243296161201609,0.000852944868106837,0.000103276170611152,0.00684036507585622,0.0319396086427388,0.00141823908880504,0.000265652622041052,0.00086702889117435,3.64897131245823e-06,9.12242828114558e-07,0.000262003650728594,0.000866116648346235,0.000852944867833937,0,0.000227885856173099,1.31717805082331e-05,7.69333955454591e-06,0.0018790469460387,4.8143939439107,0.00406890662799405,190.409984766301
747,8.65350820978135,0.275041244207375,0.015304184874154,0.0248719290990363,0.000872635081589598,7.12707170304542e-05,0.00685293531685995,0.0310094783418195,0.00139907897960344,0.00026638867553914,0.000887558824630547,3.6557797314213e-06,9.13944932855325e-07,0.000262732895807719,0.000886644879697692,0.000872635081277912,0,0.000227827492732959,1.40097984149648e-05,2.70698911581288e-06,0.00165962829682791,3.25662618564505,0.00394799973164131,190.594237187052
748,8.66515784837218,0.275281254845954,0.0153007566904887,0.0253743539547041,0.000897951536605959,0.000112595458440802,0.00692078112138051,0.0286845255070939,0.00135181087106903,0.000268660741913749,0.000913864107135047,3.69132175531683e-06,9.22830438829208e-07,0.000264969420158433,0.000912941276696218,0.000897951536055105,0,0.000229051359021039,1.49897406322894e-05,1.0898117458018e-05,0.00619074054176583,1.67633422337507,0.0036499934985111,190.768865607588
749,8.67702262944323,0.275528444071742,0.0153370982921532,0.0258030065450831,0.000921855101986928,0.000106708040561126,0.00698610060736997,0.0119356677830511,0.000802430578310156,0.000271881775584248,0.000938609907509125,3.72978451005524e-06,9.32446127513809e-07,0.000268151991074192,0.000937677461381611,0.000921855101470706,0,0.00023127778729651,1.58223599024199e-05,8.04520879294121e-06,0.000385687459537548,0.181212342773491,0.00151808704735324,190.946641993098
750,8.68424538635887,0.275782441373652,0.0153659359833867,0.0256572807065661,0.000921285697019964,0.000108959571939517,0.00702426015163844,0,0,0.00027374444559534,0.000937807585978305,3.74726099275175e-06,9.36815248187936e-07,0.000269997184602588,0.000936870770730117,0.000921285697019679,0,0.000233145756721957,1.55850737104334e-05,8.63040227551462e-06,0.00151531078331817,0,0,191.054826434553
751,8.68486083650597,0.276036515792379,0.0153968258737378,0.0247098620011878,0.000888451537644169,0.000105775565957731,0.00701778572678256,0,0,0.000274589021291551,0.00090331138501566,3.74451666573689e-06,9.36129166434222e-07,0.000270844504625815,0.000902375255849226,0.000888451536822277,0,0.000235306443624435,1.3923719014531e-05,7.63307853469076e-06,0.000881902404223766,0,0,191.064043487827
752,8.6854486450047,0.27628176085928,0.0154261088840436,0.0237971284483953,0.000858766185341838,9.43332948976658e-05,0.00703249684416012,0,0,0.000276062399125185,0.000872172977968035,3.75091116431663e-06,9.37727791079157e-07,0.000272311487960868,0.000871235250176956,0.000858766184763832,0,0.000237960840916607,1.24690654049917e-05,5.09074558300883e-06,0.0060941641645939,0,0,191.072846381855
753,8.68588232575833,0.276519022293133,0.01544529711596,0.022915741460072,0.000827260739801757,0.000120522914495398,0.00702202700455495,0,0,0.000276469268010929,0.000839336237596245,3.74543207724807e-06,9.36358019312018e-07,0.000272723835933681,0.000838399879576933,0.000827260739239219,0,0.000239633406715793,1.113914033034e-05,1.51176802527921e-05,0.00426779953305605,0,0,191.07934096989
754,8.68672670940817,0.276747775624085,0.0154922435405701,0.0220674731555397,0.000785298284596908,8.8096154812097e-05,0.00690956484389251,0,0,0.000273325827217467,0.000795991509003965,3.68561027784264e-06,9.21402569460661e-07,0.000269640216939625,0.000795070106434504,0.000785298283723944,0,0.000238228286161146,9.77182269993693e-06,4.39476740164639e-06,0.00289579586152222,0,0,191.091985743947
755,8.68711800850902,0.276965105177548,0.0155092532934328,0.0212629467381513,0.000753336046659584,0.000112746321486054,0.00686718508613705,0,0,0.000272409281500724,0.000762955980289379,3.66352855299479e-06,9.15882138248699e-07,0.00026874575294773,0.00076204009815113,0.000753336046219779,0,0.000238612311398503,8.70405192636241e-06,1.14412166050388e-05,0.00142255003939558,0,0,191.097845374654
756,8.68789978151025,0.277173752974945,0.015552657734114,0.0204918062603596,0.000726361389974753,9.42453653421705e-05,0.00686128243765758,0,0,0.000273290227705199,0.000735045666210361,3.6596584694768e-06,9.149146173692e-07,0.000269630569235722,0.000734130751592992,0.000726361389704608,0,0.000240576113839602,7.76936188553578e-06,5.48042333518246e-06,0.00475493435079454,0,0,191.109552026498
757,8.68842024696511,0.277375081287421,0.0155788345241171,0.0197488685629678,0.000709628215165104,0.000118528422289612,0.00694533140602306,0,0,0.000277509051548319,0.000717595841945819,3.70456765181609e-06,9.26141912954023e-07,0.000273804483896503,0.000716669700032865,0.000709628215076539,0,0.000245419355359077,7.04148495545649e-06,1.45306243511652e-05,0.00379038976076138,0,0,191.117345544667
758,8.68930839279462,0.277571914471286,0.0156296761341439,0.019023595703132,0.000681543635398479,0,0.00691494889644814,0.0259373073122793,0.00128218094377526,0.000277595540993731,0.000688713941407499,3.68846858998108e-06,9.22117147495271e-07,0.00027390707240375,0.000687791824260004,0.000681543635182863,0,0.000246645327163347,6.2481890751796e-06,0,0.00297510003503165,1.03782393846036,0.00331451188697473,191.130644412941
759,8.69912067082418,0.277761091842959,0.0155634090813046,0.0196097206650936,0.000704258994372955,0.000100112121787491,0.00693928617684774,0.0306110210546383,0.00139887663744464,0.00027709771118762,0.000712090330881114,3.70173887527955e-06,9.25434718819888e-07,0.00027339597231234,0.000711164896162294,0.000704258994214568,0,0.000245225612661907,6.9059019461898e-06,6.46667566093339e-06,0.0018828432664612,2.59559169672601,0.0039140287103239,191.277542082939
760,8.71140234646537,0.277956707590176,0.0155961658724715,0.0202889119612532,0.00073634757224659,0.000113601513626797,0.00702161654777941,0.0323898830104277,0.00144715382572501,0.00028058770055769,0.000744967725304037,3.74543207724807e-06,9.36358019312018e-07,0.000276842268480442,0.000744031367284725,0.000736347571891769,0,0.000247388365860522,7.68379538930181e-06,1.05765597438354e-05,0.00262834956443042,4.17588365899599,0.00413972197029267,191.461334092381
761,8.7242732390809,0.278161380337,0.0156403450159386,0.0209830737864583,0.000757218454910069,9.90747968777369e-05,0,0.0329282371060617,0,0.000279760005785811,0.000766540350232055,3.72885845551453e-06,9.32214613878632e-07,0.000276031147330296,0.000765608135618176,0.000757218454738899,0,0.000245742409260089,8.38968087741026e-06,6.07710554009306e-06,0,5.67100553959757,0.00420568974831132,191.653854824241
762,8.7248388020321,0.278372009267635,0.0156689848174773,0.0202081953783041,0.00073996536959968,9.98181537114778e-05,0,0.0337076885456391,0,0.000284389130543818,0.000748503263650196,3.77795549884079e-06,9.44488874710196e-07,0.000280611175044977,0.000747558774775486,0.000739965369499783,0,0.000251012560337662,7.59340527469008e-06,5.96211506469414e-06,0,6.97906725317347,0.00430214723041192,191.662312342849
763,8.72541900138837,0.278577994914358,0.0156987306388072,0.0194515728146391,0.000714457137340173,9.40030472480289e-05,0.00709451758692736,0.0339722126216426,0.00148906390664699,0.000285818018179249,0.000722185153291652,3.78417969344507e-06,9.46044923361267e-07,0.000282033838485804,0.00072123910836829,0.000714457137152719,0,0.000253455553142062,6.78197121380759e-06,4.90583526984148e-06,0.00346353526575379,8.01092655561769,0.00433883586375818,191.67098855471
764,8.73837894242983,0.278777026951131,0.0157238095955517,0.0202106580270569,0.000741320954543944,0.000114385821171111,0.00709479412660215,0.0340861301337684,0.00149149613359026,0.000285852215152892,0.00074982503243432,3.78417969344507e-06,9.46044923361267e-07,0.000282068035459447,0.000748878987510959,0.000741320954304922,0,0.000252415197461774,7.55803320362969e-06,1.03908074526303e-05,0.00522830680143281,8.69626394069678,0.00435620570998334,191.864741540481
765,8.75165947648128,0.278983690202855,0.0157678604897471,0.0209441487737955,0.000758053597303398,0.00011869608309204,0.00700725661237094,0.0337375179238432,0.00147474116096903,0.000282828128553445,0.000767227220250355,3.73901091008678e-06,9.34752727521694e-07,0.000279089117643358,0.000766292467522834,0.000758053597196015,0,0.0002487669738312,8.2388703256691e-06,1.37910771426355e-05,0.000827096971830147,8.98837479819117,0.00430845002748831,192.063192286985
766,8.76486960214338,0.279195174792803,0.0158156658373678,0.0216432009104869,0.000775156482768857,5.02243775310165e-05,0.00694555528352567,0.0334213251581271,0.00146122539649065,0.000280691404269678,0.000785010152127373,3.70456765181609e-06,9.26141912954023e-07,0.000276986836617862,0.000784084010214419,0.000775156482640952,0,0.000245980577399515,8.92752757201943e-06,1.41561802614997e-06,0.00545751444893086,8.86735225589864,0.00426482440017516,192.260495562852
767,8.7769366948151,0.279411594742501,0.0157943217143855,0.0223106740621714,0.000787709036146814,0.000103867115492562,0.0068556573920068,0.0329287145255543,0.00144105365159032,0.000276338117322248,0.000798271304038942,3.65675022370281e-06,9.14187555925702e-07,0.000272681367098545,0.000797357116483016,0.000787709036068054,0,0.00024117300570776,9.64808041401671e-06,7.80697059666174e-06,0.00365987660268746,8.34144380007722,0.00419888261025845,192.440643814025
768,8.78965341853684,0.279631689780484,0.0158264650877586,0.0229445653625341,0.000804806154790637,0.000117586623056383,0.00681930611984177,0.0326060191007836,0.00143026132981355,0.000275085987458817,0.000816082879261473,3.63723955393785e-06,9.09309888484462e-07,0.000271448747904879,0.000815173569372988,0.00080480615462761,0,0.000239256501824289,1.03674147433262e-05,1.56283222873945e-05,0.00526542831257736,7.44648922288632,0.00415528858653067,192.630404779241
